Time,HR (bpm),Cadence,Temperatures (C)
00:00:00,136,101,28.4
00:00:01,136,101,28.4
00:00:02,136,103,28.4
00:00:03,136,103,28.4
00:00:04,136,102,28.4
00:00:05,137,100,28.5
00:00:06,137,101,28.4
00:00:07,138,99,28.5
00:00:08,139,99,28.4
00:00:09,139,99,28.5
00:00:10,140,100,28.4
00:00:13,140,97,28.5
00:00:14,139,96,28.5
00:00:15,139,96,28.4
00:00:16,140,98,28.5
00:00:17,140,94,28.4
00:00:18,140,92,28.5
00:00:19,139,90,28.5
00:00:20,139,92,28.5
00:00:21,138,93,28.5
00:00:22,137,94,28.5
00:00:23,137,95,28.5
00:00:24,136,96,28.5
00:00:25,136,95,28.5
00:00:26,135,94,28.4
00:00:30,135,89,28.4
00:00:31,135,83,28.4
00:00:32,134,43,28.4
00:00:33,135,25,28.4
00:00:34,134,17,28.5
00:00:35,135,0,28.4
00:00:36,134,0,28.4
00:00:37,134,0,28.4
00:00:38,134,0,28.4
00:00:39,134,0,28.4
00:00:40,134,0,28.4
00:00:41,135,0,28.4
00:00:42,135,0,28.3
00:00:43,135,0,28.4
00:00:44,135,0,28.4
00:00:45,135,0,28.4
00:00:46,134,78,28.4
00:00:47,133,43,28.3
00:00:48,132,25,28.4
00:00:49,130,17,28.4
00:00:50,130,0,28.4
00:00:51,131,0,28.4
00:00:52,131,0,28.4
00:00:53,132,97,28.4
00:00:54,133,98,28.3
00:00:55,133,100,28.4
00:00:56,133,101,28.4
00:00:57,133,101,28.4
00:00:58,132,101,28.4
00:00:59,131,99,28.4
00:01:00,132,99,28.4
00:01:01,132,99,28.4
00:01:02,132,100,28.4
00:01:03,133,100,28.4
00:01:04,133,100,28.5
00:01:05,133,99,28.5
00:01:06,134,100,28.4
00:01:07,134,102,28.5
00:01:08,135,101,28.3
00:01:09,136,101,28.3
00:01:10,136,104,28.5
00:01:11,137,105,28.5
00:01:12,137,105,28.4
00:01:13,138,104,28.5
00:01:14,139,106,28.5
00:01:15,139,104,28.4
00:01:16,140,103,28.4
00:01:17,141,103,28.5
00:01:18,142,103,28.5
00:01:19,143,102,28.4
00:01:20,143,103,28.5
00:01:21,144,103,28.5
00:01:22,144,102,28.4
00:01:23,144,102,28.5
00:01:24,145,102,28.4
00:01:25,145,100,28.4
00:01:26,145,100,28.5
00:01:27,145,100,28.4
00:01:28,145,99,28.5
00:01:29,146,98,28.5
00:01:30,146,97,28.5
00:01:31,146,97,28.5
00:01:32,146,95,28.5
00:01:33,146,94,28.5
00:01:34,146,94,28.5
00:01:35,146,95,28.5
00:01:36,146,93,28.5
00:01:37,146,93,28.5
00:01:38,146,91,28.5
00:01:39,146,93,28.5
00:01:40,146,91,28.5
00:01:41,146,92,28.5
00:01:42,146,92,28.5
00:01:43,146,92,28.5
00:01:44,147,91,28.5
00:01:45,146,91,28.4
00:01:46,146,91,28.5
00:01:47,146,91,28.5
00:01:48,147,94,28.5
00:01:49,147,107,28.5
00:01:50,147,120,28.5
00:01:51,148,129,28.5
00:01:52,149,128,28.5
00:01:53,149,125,28.5
00:01:54,150,122,28.4
00:01:55,151,117,28.5
00:01:56,152,115,28.5
00:01:57,153,115,28.5
00:01:58,154,117,28.5
00:01:59,155,115,28.4
00:02:00,156,116,28.5
00:02:01,156,114,28.5
00:02:02,157,114,28.5
00:02:03,157,115,28.5
00:02:04,158,114,28.5
00:02:05,158,113,28.4
00:02:06,158,113,28.5
00:02:07,159,112,28.5
00:02:08,159,110,28.5
00:02:09,159,112,28.4
00:02:10,159,111,28.5
00:02:11,159,111,28.5
00:02:12,159,111,28.5
00:02:13,159,111,28.5
00:02:14,159,110,28.5
00:02:18,159,112,28.5
00:02:19,160,110,28.6
00:02:20,160,111,28.5
00:02:21,160,111,28.5
00:02:22,160,110,28.5
00:02:23,160,110,28.5
00:02:24,161,111,28.5
00:02:25,161,111,28.5
00:02:26,161,115,28.5
00:02:27,162,114,28.4
00:02:28,162,113,28.5
00:02:29,162,112,28.5
00:02:30,163,107,28.5
00:02:31,163,106,28.5
00:02:32,163,103,28.5
00:02:33,164,102,28.4
00:02:34,164,101,28.5
00:02:35,164,102,28.5
00:02:36,164,101,28.5
00:02:37,164,102,28.5
00:02:38,165,101,28.4
00:02:39,165,102,28.5
00:02:40,165,102,28.5
00:02:41,165,102,28.5
00:02:42,165,101,28.5
00:02:43,165,102,28.5
00:02:44,166,102,28.5
00:02:45,166,100,28.5
00:02:46,166,100,28.3
00:02:47,166,101,28.4
00:02:48,166,100,28.6
00:02:49,166,99,28.5
00:02:50,166,99,28.5
00:02:51,166,98,28.5
00:02:52,166,99,28.4
00:02:53,166,97,28.5
00:02:54,166,98,28.5
00:02:55,165,96,28.4
00:02:56,165,97,28.5
00:02:57,165,96,28.5
00:02:58,165,96,28.4
00:02:59,165,95,28.4
00:03:00,165,96,28.5
00:03:01,165,96,28.4
00:03:02,165,96,28.5
00:03:06,165,98,28.5
00:03:07,165,99,28.5
00:03:08,165,98,28.5
00:03:09,165,97,28.4
00:03:10,165,96,28.5
00:03:11,165,96,28.5
00:03:12,165,96,28.4
00:03:13,165,95,28.5
00:03:14,165,95,28.5
00:03:15,165,96,28.5
00:03:16,164,96,28.4
00:03:17,164,96,28.4
00:03:18,164,97,28.5
00:03:19,164,98,28.5
00:03:20,164,96,28.4
00:03:21,164,97,28.5
00:03:22,164,96,28.4
00:03:25,164,91,28.5
00:03:26,164,88,28.5
00:03:27,164,87,28.4
00:03:28,164,87,28.5
00:03:29,164,88,28.4
00:03:30,164,89,28.5
00:03:31,164,91,28.5
00:03:32,163,92,28.4
00:03:33,163,92,28.5
00:03:34,163,93,28.5
00:03:35,163,94,28.5
00:03:36,163,92,28.5
00:03:37,163,90,28.5
00:03:38,162,90,28.5
00:03:39,162,88,28.5
00:03:40,162,88,28.5
00:03:41,161,89,28.4
00:03:42,160,90,28.5
00:03:43,160,90,28.5
00:03:44,160,91,28.5
00:03:45,160,91,28.5
00:03:46,159,90,28.5
00:03:47,159,90,28.5
00:03:48,159,88,28.4
00:03:49,159,88,28.5
00:03:50,158,89,28.5
00:03:51,158,87,28.5
00:03:52,158,87,28.5
00:03:53,157,87,28.5
00:03:54,157,87,28.5
00:03:55,156,87,28.5
00:03:56,155,89,28.5
00:03:57,155,89,28.5
00:03:58,155,90,28.5
00:03:59,155,89,28.5
00:04:00,156,90,28.5
00:04:01,156,90,28.5
00:04:02,156,91,28.5
00:04:03,156,92,28.5
00:04:04,155,91,28.6
00:04:05,155,91,28.5
00:04:06,154,90,28.5
00:04:07,153,91,28.6
00:04:08,153,91,28.6
00:04:09,153,91,28.6
00:04:10,152,91,28.5
00:04:11,152,91,28.6
00:04:12,152,92,28.5
00:04:13,152,93,28.5
00:04:14,152,94,28.5
00:04:15,153,96,28.5
00:04:16,153,96,28.6
00:04:17,153,96,28.5
00:04:18,153,95,28.6
00:04:19,153,96,28.5
00:04:20,152,95,28.5
00:04:21,153,94,28.6
00:04:22,153,96,28.5
00:04:23,152,93,28.5
00:04:24,153,94,28.5
00:04:25,153,94,28.6
00:04:26,153,93,28.6
00:04:27,153,93,28.6
00:04:28,153,93,28.6
00:04:29,153,93,28.6
00:04:30,153,93,28.6
00:04:31,153,93,28.5
00:04:32,153,93,28.6
00:04:33,152,93,28.6
00:04:34,152,93,28.5
00:04:35,152,93,28.6
00:04:36,152,92,28.6
00:04:37,151,91,28.6
00:04:38,151,91,28.5
00:04:39,150,92,28.7
00:04:40,150,92,28.5
00:04:41,150,92,28.5
00:04:42,150,91,28.6
00:04:43,149,92,28.6
00:04:44,149,91,28.6
00:04:45,149,92,28.6
00:04:46,149,94,28.6
00:04:47,149,94,28.6
00:04:48,149,95,28.6
00:04:49,149,94,28.6
00:04:50,149,95,28.6
00:04:51,149,96,28.6
00:04:52,149,96,28.6
00:04:53,149,96,28.8
00:04:54,149,94,28.7
00:04:55,149,94,28.7
00:04:56,148,94,28.7
00:04:57,148,94,28.8
00:04:58,148,94,28.8
00:04:59,148,92,28.8
00:05:02,148,95,28.7
00:05:03,148,96,28.7
00:05:04,148,97,28.8
00:05:05,148,98,28.7
00:05:06,148,98,28.6
00:05:07,148,98,28.7
00:05:08,148,99,28.8
00:05:09,149,97,28.8
00:05:10,149,98,28.7
00:05:11,150,97,28.8
00:05:12,150,99,28.8
00:05:13,150,98,28.7
00:05:14,151,98,28.8
00:05:15,150,96,28.8
00:05:16,150,96,28.8
00:05:17,150,96,28.9
00:05:18,150,97,28.7
00:05:19,149,95,28.9
00:05:20,149,94,28.8
00:05:21,149,94,28.8
00:05:22,149,96,28.9
00:05:23,150,100,28.9
00:05:24,150,102,28.9
00:05:25,150,103,28.8
00:05:26,151,102,28.9
00:05:27,152,102,28.8
00:05:28,152,101,28.9
00:05:29,153,101,28.9
00:05:30,153,102,28.9
00:05:31,153,101,28.9
00:05:32,153,100,28.9
00:05:33,154,100,29.0
00:05:34,154,100,28.9
00:05:35,154,100,28.9
00:05:36,154,102,28.9
00:05:37,154,101,28.9
00:05:38,154,102,28.8
00:05:39,154,102,29.0
00:05:40,153,101,29.0
00:05:41,154,101,28.9
00:05:42,154,103,29.0
00:05:43,154,102,29.0
00:05:44,154,102,28.9
00:05:45,154,102,29.0
00:05:46,154,102,29.0
00:05:47,154,101,29.0
00:05:48,154,102,28.9
00:05:49,153,102,29.0
00:05:50,153,101,29.0
00:05:51,153,102,29.1
00:05:52,152,102,29.0
00:05:53,152,102,29.0
00:05:54,152,103,29.0
00:05:55,153,103,29.0
00:05:56,153,103,29.1
00:05:57,153,103,29.0
00:05:58,154,102,29.0
00:05:59,154,102,29.1
00:06:00,154,100,29.1
00:06:01,154,101,29.1
00:06:02,155,101,29.1
00:06:03,155,98,29.1
00:06:04,155,98,29.2
00:06:05,155,98,29.1
00:06:06,155,97,29.1
00:06:07,155,97,29.2
00:06:08,155,96,29.1
00:06:09,155,96,29.1
00:06:10,156,97,29.1
00:06:11,156,98,29.1
00:06:12,156,97,29.1
00:06:13,156,97,29.3
00:06:14,157,98,29.1
00:06:15,157,98,29.2
00:06:16,158,98,29.2
00:06:17,158,99,29.2
00:06:18,159,99,29.2
00:06:19,159,98,29.2
00:06:22,159,99,29.2
00:06:23,159,99,29.3
00:06:24,159,100,29.3
00:06:25,160,100,29.3
00:06:26,160,99,29.2
00:06:27,160,100,29.4
00:06:28,160,99,29.4
00:06:29,160,100,29.4
00:06:30,160,100,29.4
00:06:31,160,100,29.4
00:06:32,160,99,29.3
00:06:33,160,99,29.4
00:06:34,160,98,29.4
00:06:35,160,100,29.4
00:06:36,161,101,29.4
00:06:37,161,101,29.4
00:06:38,161,100,29.4
00:06:39,161,99,29.4
00:06:40,161,99,29.5
00:06:41,161,99,29.5
00:06:42,161,99,29.5
00:06:43,161,98,29.4
00:06:44,161,99,29.5
00:06:45,161,97,29.5
00:06:46,161,98,29.5
00:06:47,161,98,29.5
00:06:48,161,97,29.5
00:06:49,161,99,29.5
00:06:50,161,99,29.5
00:06:51,161,97,29.5
00:06:52,161,99,29.5
00:06:53,161,100,29.5
00:06:54,162,99,29.5
00:06:55,162,100,29.5
00:06:56,162,98,29.5
00:06:57,162,100,29.5
00:06:58,162,101,29.5
00:06:59,163,100,29.6
00:07:00,163,101,29.5
00:07:01,163,102,29.5
00:07:02,163,101,29.6
00:07:03,164,102,29.5
00:07:04,164,102,29.6
00:07:05,164,102,29.6
00:07:06,164,102,29.6
00:07:07,164,101,29.6
00:07:08,164,102,29.7
00:07:09,164,102,29.6
00:07:10,164,102,29.6
00:07:11,164,103,29.6
00:07:12,164,102,29.6
00:07:13,164,103,29.6
00:07:14,164,103,29.6
00:07:15,164,102,29.6
00:07:16,164,102,29.8
00:07:17,164,102,29.7
00:07:18,164,102,29.7
00:07:19,164,100,29.8
00:07:20,164,98,29.8
00:07:21,164,101,29.8
00:07:22,164,101,29.8
00:07:23,165,100,29.8
00:07:24,165,101,29.8
00:07:25,165,100,29.8
00:07:26,165,99,29.9
00:07:29,165,102,29.8
00:07:30,165,103,29.9
00:07:31,165,101,29.9
00:07:32,165,101,29.9
00:07:33,165,102,29.9
00:07:34,165,100,29.9
00:07:35,165,100,30.0
00:07:36,165,103,30.0
00:07:37,165,102,29.9
00:07:38,166,102,30.0
00:07:39,166,102,30.0
00:07:40,166,103,30.0
00:07:41,166,101,29.9
00:07:42,166,102,30.0
00:07:43,167,103,30.0
00:07:44,167,101,30.0
00:07:45,167,102,30.0
00:07:46,167,101,30.0
00:07:47,167,100,30.0
00:07:48,167,98,30.0
00:07:49,168,98,30.1
00:07:50,168,101,30.0
00:07:51,168,100,30.1
00:07:52,168,100,30.1
00:07:53,167,100,30.1
00:08:00,167,100,30.2
00:08:01,167,100,30.1
00:08:02,167,97,30.2
00:08:03,167,96,30.3
00:08:04,167,90,30.2
00:08:05,168,89,30.3
00:08:06,168,86,30.2
00:08:07,168,84,30.2
00:08:08,169,82,30.3
00:08:09,169,81,30.3
00:08:10,169,79,30.2
00:08:11,170,77,30.3
00:08:12,170,77,30.3
00:08:13,170,77,30.3
00:08:14,171,79,30.4
00:08:15,171,79,30.3
00:08:16,171,78,30.3
00:08:17,171,77,30.3
00:08:18,172,77,30.4
00:08:19,172,78,30.3
00:08:20,172,77,30.4
00:08:21,172,77,30.4
00:08:22,172,77,30.4
00:08:23,172,76,30.4
00:08:24,172,77,30.5
00:08:25,172,75,30.5
00:08:26,173,75,30.5
00:08:27,173,76,30.5
00:08:28,173,76,30.5
00:08:29,173,75,30.5
00:08:30,173,75,30.5
00:08:31,173,75,30.5
00:08:32,173,78,30.5
00:08:33,173,80,30.5
00:08:34,173,81,30.5
00:08:35,173,80,30.5
00:08:36,174,80,30.5
00:08:37,174,80,30.6
00:08:38,174,80,30.6
00:08:39,174,79,30.5
00:08:40,174,78,30.6
00:08:41,174,78,30.5
00:08:42,174,78,30.6
00:08:43,175,78,30.6
00:08:44,175,76,30.6
00:08:45,175,76,30.6
00:08:46,175,77,30.6
00:08:47,175,76,30.6
00:08:48,175,77,30.6
00:08:49,175,77,30.6
00:08:50,175,76,30.6
00:08:51,175,76,30.7
00:09:03,175,94,30.8
00:09:04,175,93,30.8
00:09:05,175,92,30.8
00:09:06,175,91,30.9
00:09:07,175,92,30.8
00:09:08,175,91,30.9
00:09:09,175,91,30.9
00:09:10,175,89,30.8
00:09:11,175,90,30.9
00:09:12,175,89,30.8
00:09:13,175,90,30.9
00:09:14,175,89,30.9
00:09:15,175,90,30.9
00:09:16,175,90,30.9
00:09:17,175,89,30.9
00:09:18,175,90,30.9
00:09:19,174,89,30.9
00:09:20,174,90,30.9
00:09:21,174,90,30.9
00:09:22,174,90,31.0
00:09:23,174,90,30.9
00:09:24,174,90,31.0
00:09:25,174,91,30.9
00:09:26,174,90,31.0
00:09:27,174,91,31.0
00:09:28,174,90,31.0
00:09:29,174,90,30.9
00:09:30,174,89,30.9
00:09:31,173,91,31.0
00:09:32,173,90,30.9
00:09:33,173,91,30.9
00:09:34,173,90,30.9
00:09:35,173,92,30.9
00:09:36,173,91,31.0
00:09:37,173,90,31.0
00:09:38,173,91,31.0
00:09:39,173,89,31.0
00:09:40,173,90,31.0
00:09:41,173,90,30.9
00:09:42,173,91,31.0
00:09:43,173,90,31.0
00:09:44,173,91,30.9
00:09:45,172,90,31.0
00:09:46,172,90,31.0
00:09:47,172,90,31.0
00:09:48,172,90,31.0
00:09:49,172,90,31.0
00:09:50,172,89,31.0
00:09:51,172,91,31.0
00:09:52,172,90,31.0
00:09:53,172,91,31.0
00:09:54,172,90,31.0
00:09:55,172,91,31.0
00:09:56,172,90,31.0
00:09:57,171,91,31.1
00:09:58,171,90,31.0
00:09:59,171,92,31.0
00:10:00,171,91,31.0
00:10:01,171,92,31.0
00:10:02,171,92,31.0
00:10:03,170,91,31.0
00:10:04,170,92,31.0
00:10:05,170,91,31.0
00:10:06,170,90,31.0
00:10:07,170,91,31.1
00:10:08,170,90,31.1
00:10:09,170,91,31.0
00:10:10,170,90,31.0
00:10:11,169,91,31.1
00:10:12,169,90,31.0
00:10:13,169,92,31.1
00:10:14,169,91,31.1
00:10:15,169,91,31.1
00:10:16,169,92,31.1
00:10:17,169,92,31.1
00:10:18,169,93,31.1
00:10:19,169,92,31.1
00:10:20,169,93,31.2
00:10:21,170,91,31.1
00:10:22,170,92,31.1
00:10:23,170,91,31.1
00:10:24,170,92,31.3
00:10:25,170,91,31.3
00:10:26,170,92,31.3
00:10:27,170,91,31.2
00:10:28,170,92,31.3
00:10:29,170,92,31.3
00:10:30,171,92,31.1
00:10:31,171,93,31.3
00:10:32,171,92,31.3
00:10:33,171,93,31.3
00:10:34,171,92,31.1
00:10:35,171,93,31.3
00:10:36,171,92,31.4
00:10:37,172,93,31.3
00:10:38,172,93,31.3
00:10:39,172,93,31.4
00:10:40,172,93,31.3
00:10:41,172,92,31.4
00:10:42,172,92,31.4
00:10:43,172,92,31.3
00:10:44,172,92,31.4
00:10:45,172,92,31.4
00:10:46,173,92,31.3
00:10:47,172,92,31.4
00:10:48,173,91,31.4
00:10:49,173,92,31.4
00:10:50,173,91,31.4
00:10:51,173,91,31.4
00:10:52,173,91,31.4
00:10:53,173,91,31.4
00:10:54,173,91,31.5
00:10:55,173,91,31.4
00:10:56,173,91,31.4
00:10:57,173,91,31.6
00:10:58,173,91,31.5
00:10:59,173,91,31.5
00:11:00,173,90,31.5
00:11:01,173,87,31.5
00:11:02,173,82,31.5
00:11:03,173,81,31.5
00:11:04,173,80,31.5
00:11:05,173,79,31.5
00:11:06,173,77,31.5
00:11:07,173,76,31.5
00:11:08,174,75,31.5
00:11:09,174,74,31.5
00:11:10,174,74,31.5
00:11:11,175,73,31.6
00:11:12,175,72,31.5
00:11:13,175,71,31.5
00:11:14,176,71,31.6
00:11:15,176,70,31.6
00:11:16,176,70,31.6
00:11:17,176,71,31.7
00:11:18,177,71,31.7
00:11:19,177,71,31.5
00:11:20,177,72,31.7
00:11:21,177,72,31.8
00:11:22,177,73,31.8
00:11:23,177,74,31.8
00:11:24,177,73,31.8
00:11:25,177,74,31.7
00:11:26,177,74,31.8
00:11:27,177,73,31.8
00:11:28,177,73,31.7
00:11:29,177,73,31.8
00:11:30,177,74,31.9
00:11:31,177,74,31.9
00:11:32,177,74,31.9
00:11:33,177,75,31.8
00:11:34,177,77,31.8
00:11:35,177,78,31.9
00:11:36,177,77,31.8
00:11:37,178,76,32.0
00:11:38,178,75,31.9
00:11:39,178,75,31.9
00:11:40,178,73,31.9
00:11:41,178,73,32.0
00:11:42,178,74,31.9
00:11:43,178,73,31.9
00:11:44,178,73,31.9
00:11:49,178,75,32.0
00:11:50,178,74,31.9
00:11:51,178,74,31.9
00:11:52,178,73,32.0
00:11:53,178,74,31.9
00:11:54,178,73,32.0
00:11:55,178,72,32.0
00:11:56,178,72,32.0
00:11:57,178,72,32.1
00:11:58,178,72,32.0
00:11:59,178,73,32.0
00:12:00,178,79,32.0
00:12:01,177,83,32.0
00:12:02,177,88,32.1
00:12:03,177,88,32.0
00:12:04,177,89,32.0
00:12:05,177,88,32.1
00:12:06,177,88,32.0
00:12:07,177,88,32.0
00:12:08,177,87,32.0
00:12:09,177,88,32.0
00:12:10,177,88,32.2
00:12:11,177,87,32.2
00:12:12,177,88,32.2
00:12:13,177,88,32.2
00:12:14,177,88,32.1
00:12:15,177,89,32.2
00:12:16,177,89,32.2
00:12:17,177,88,32.2
00:12:18,177,89,32.2
00:12:19,177,88,32.2
00:12:20,176,88,32.2
00:12:21,176,89,32.2
00:12:22,176,90,32.2
00:12:23,175,90,32.2
00:12:24,175,89,32.2
00:12:25,175,90,32.3
00:12:26,175,89,32.2
00:12:27,175,91,32.3
00:12:28,174,90,32.2
00:12:29,174,91,32.3
00:12:30,174,90,32.2
00:12:31,174,92,32.3
00:12:32,174,91,32.2
00:12:36,174,90,32.3
00:12:37,174,92,32.3
00:12:38,174,90,32.3
00:12:39,173,90,32.3
00:12:40,173,90,32.3
00:12:41,173,89,32.3
00:12:42,173,89,32.3
00:12:43,173,89,32.3
00:12:44,172,89,32.3
00:12:45,172,89,32.3
00:12:46,172,88,32.3
00:12:47,172,89,32.3
00:12:48,172,89,32.3
00:12:49,172,91,32.3
00:12:50,172,90,32.3
00:12:51,172,90,32.3
00:12:52,172,90,32.3
00:12:53,172,89,32.3
00:12:54,172,90,32.3
00:12:55,172,90,32.3
00:12:56,172,90,32.3
00:12:57,172,89,32.3
00:12:58,172,89,32.3
00:12:59,172,90,32.3
00:13:00,172,88,32.3
00:13:01,172,88,32.3
00:13:02,173,87,32.3
00:13:03,172,83,32.3
00:13:04,173,80,32.5
00:13:05,173,78,32.4
00:13:06,173,75,32.3
00:13:07,173,74,32.5
00:13:08,173,74,32.4
00:13:09,173,74,32.3
00:13:10,174,72,32.5
00:13:11,174,71,32.3
00:13:12,174,72,32.3
00:13:13,174,71,32.5
00:13:14,175,72,32.5
00:13:15,175,70,32.5
00:13:16,175,42,32.5
00:13:17,175,57,32.5
00:13:18,175,64,32.5
00:13:19,176,69,32.5
00:13:20,176,71,32.5
00:13:21,176,70,32.5
00:13:22,176,70,32.6
00:13:23,176,70,32.6
00:13:24,176,71,32.7
00:13:25,176,72,32.7
00:13:26,176,72,32.5
00:13:27,176,71,32.6
00:13:28,176,71,32.6
00:13:29,176,71,32.5
00:13:30,177,71,32.7
00:13:31,177,72,32.7
00:13:32,177,72,32.8
00:13:33,177,73,32.6
00:13:34,177,73,32.7
00:13:35,177,75,32.7
00:13:36,177,75,32.7
00:13:37,178,76,32.7
00:13:38,178,76,32.7
00:13:39,178,74,32.7
00:13:40,178,73,32.7
00:13:41,178,73,32.7
00:13:45,178,71,32.6
00:13:46,178,71,32.7
00:13:47,178,70,32.8
00:13:48,178,71,32.8
00:13:49,178,72,32.8
00:13:50,178,72,32.8
00:13:51,178,72,32.8
00:13:52,178,72,32.8
00:13:53,178,72,32.8
00:13:54,178,71,32.8
00:13:55,178,72,32.8
00:13:56,178,71,32.8
00:13:57,178,72,32.8
00:13:58,178,71,32.8
00:13:59,178,74,32.8
00:14:00,178,79,32.9
00:14:01,178,86,32.8
00:14:02,178,87,32.9
00:14:03,178,88,32.9
00:14:04,178,88,32.9
00:14:05,178,87,32.9
00:14:06,178,86,32.9
00:14:07,178,86,32.8
00:14:08,178,87,32.9
00:14:09,178,86,32.9
00:14:10,178,86,32.9
00:14:11,178,87,32.9
00:14:12,178,87,32.9
00:14:13,178,85,32.8
00:14:14,178,84,33.0
00:14:15,178,83,33.0
00:14:16,178,83,32.9
00:14:17,177,83,33.0
00:14:18,178,84,32.9
00:14:19,178,83,32.9
00:14:20,177,83,33.0
00:14:21,177,83,33.0
00:14:22,177,82,33.0
00:14:23,177,82,33.0
00:14:24,177,82,32.9
00:14:25,177,82,33.0
00:14:26,176,82,32.9
00:14:27,176,43,32.9
00:14:28,176,43,32.9
00:14:29,176,43,33.0
00:14:30,176,79,32.9
00:14:31,176,80,32.9
00:14:32,176,81,33.0
00:14:33,176,81,32.9
00:14:34,175,81,33.0
00:14:35,175,81,32.9
00:14:36,175,80,33.0
00:14:37,175,81,32.9
00:14:38,175,81,33.0
00:14:39,175,81,33.0
00:14:40,175,81,33.0
00:14:41,175,80,33.0
00:14:42,174,81,33.0
00:14:43,174,81,33.0
00:14:44,174,82,32.9
00:14:45,174,82,33.0
00:14:46,174,83,33.0
00:14:47,174,83,33.0
00:14:48,174,83,33.0
00:14:49,174,84,33.0
00:14:50,174,82,33.0
00:14:51,174,81,33.0
00:14:52,174,81,33.1
00:14:53,174,81,33.1
00:14:54,174,82,33.0
00:14:55,174,82,33.1
00:14:56,174,82,33.1
00:14:57,174,82,33.1
00:14:58,174,81,33.0
00:14:59,174,80,33.0
00:15:00,174,79,33.1
00:15:01,174,76,33.1
00:15:02,174,73,33.2
00:15:03,174,72,33.0
00:15:04,174,70,33.0
00:15:05,174,69,33.1
00:15:06,174,69,33.2
00:15:07,174,69,33.1
00:15:08,174,68,33.2
00:15:09,174,67,33.2
00:15:10,174,68,33.1
00:15:11,174,68,33.2
00:15:12,175,67,33.3
00:15:13,175,66,33.2
00:15:14,175,66,33.3
00:15:15,175,66,33.2
00:15:16,175,66,33.3
00:15:17,175,67,33.3
00:15:18,176,67,33.2
00:15:19,176,68,33.3
00:15:20,176,68,33.2
00:15:21,176,69,33.3
00:15:22,176,68,33.3
00:15:23,176,68,33.3
00:15:24,176,68,33.3
00:15:25,176,68,33.3
00:15:26,176,67,33.3
00:15:27,177,67,33.3
00:15:28,177,72,33.4
00:15:29,177,74,33.3
00:15:30,177,71,33.4
00:15:31,177,69,33.3
00:15:32,178,68,33.4
00:15:33,178,67,33.4
00:15:34,178,66,33.4
00:15:35,178,66,33.4
00:15:36,178,66,33.5
00:15:37,178,65,33.5
00:15:38,179,64,33.4
00:15:39,179,65,33.5
00:15:40,179,67,33.5
00:15:41,179,69,33.4
00:15:42,179,70,33.6
00:15:43,179,69,33.5
00:15:44,179,70,33.5
00:15:45,179,70,33.5
00:15:46,179,71,33.3
00:15:47,179,72,33.5
00:15:48,179,72,33.5
00:15:49,179,73,33.5
00:15:50,179,72,33.5
00:15:51,179,71,33.5
00:15:52,179,71,33.5
00:15:53,179,70,33.6
00:15:54,179,69,33.5
00:15:55,179,69,33.5
00:15:56,179,70,33.6
00:15:57,179,70,33.7
00:15:58,179,70,33.5
00:15:59,179,70,33.7
00:16:00,179,71,33.5
00:16:01,179,79,33.5
00:16:02,179,84,33.7
00:16:03,179,88,33.7
00:16:04,179,88,33.7
00:16:05,179,89,33.7
00:16:06,179,88,33.7
00:16:07,179,88,33.7
00:16:08,180,89,33.7
00:16:09,180,93,33.6
00:16:10,180,95,33.7
00:16:11,180,95,33.7
00:16:12,180,93,33.7
00:16:13,180,93,33.7
00:16:14,181,91,33.7
00:16:15,181,92,33.7
00:16:16,181,95,33.7
00:16:17,181,98,33.7
00:16:18,181,98,33.7
00:16:19,182,98,33.6
00:16:20,182,98,33.7
00:16:21,182,96,33.7
00:16:22,182,96,33.6
00:16:23,182,94,33.5
00:16:24,182,92,33.7
00:16:25,182,93,33.7
00:16:26,182,92,33.7
00:16:27,182,94,33.5
00:16:28,182,94,33.5
00:16:29,182,94,33.5
00:16:30,182,95,33.5
00:16:31,182,95,33.7
00:16:32,182,95,33.7
00:16:33,182,92,33.7
00:16:34,182,45,33.7
00:16:35,182,45,33.7
00:16:36,182,45,33.6
00:16:37,182,90,33.7
00:16:38,182,92,33.7
00:16:39,182,93,33.7
00:16:40,182,93,33.7
00:16:41,182,93,33.6
00:16:42,182,95,33.7
00:16:43,182,104,33.6
00:16:44,182,113,33.7
00:16:45,182,121,33.6
00:16:46,182,125,33.7
00:16:47,182,125,33.7
00:16:48,182,125,33.7
00:16:49,183,125,33.7
00:16:50,183,128,33.7
00:16:51,183,131,33.7
00:16:52,183,129,33.7
00:16:53,184,130,33.8
00:16:54,184,133,33.8
00:16:55,184,131,33.8
00:16:56,184,132,33.8
00:16:57,185,130,33.8
00:16:58,185,127,33.8
00:16:59,185,123,33.8
00:17:00,185,107,33.8
00:17:01,186,46,33.8
00:17:02,186,47,33.8
00:17:03,186,50,33.8
00:17:04,186,50,33.8
00:17:05,186,45,33.9
00:17:06,185,48,33.8
00:17:07,185,54,33.8
00:17:08,185,64,33.8
00:17:09,185,66,33.8
00:17:10,184,69,33.8
00:17:11,184,70,33.8
00:17:12,184,71,33.8
00:17:13,184,72,33.8
00:17:14,183,73,34.0
00:17:15,183,73,33.9
00:17:16,182,42,33.8
00:17:17,182,42,33.8
00:17:18,182,42,33.8
00:17:19,181,73,33.8
00:17:20,181,74,33.8
00:17:21,181,76,33.8
00:17:22,180,77,33.8
00:17:23,180,77,33.8
00:17:24,180,77,33.8
00:17:25,180,78,33.8
00:17:26,179,78,33.8
00:17:27,179,77,33.9
00:17:28,178,78,33.8
00:17:29,178,77,33.8
00:17:30,178,77,33.9
00:17:31,177,79,33.8
00:17:32,177,80,33.9
00:17:33,177,80,33.8
00:17:34,177,80,33.8
00:17:35,177,79,33.8
00:17:36,177,79,33.9
00:17:37,177,78,33.8
00:17:38,177,78,33.8
00:17:39,177,78,33.9
00:17:40,177,78,33.9
00:17:41,177,77,33.8
00:17:42,177,77,33.9
00:17:43,178,78,34.0
00:17:44,178,79,33.8
00:17:45,178,79,33.9
00:17:46,178,78,33.8
00:17:47,178,78,33.8
00:17:48,178,78,33.8
00:17:49,178,78,33.8
00:17:50,178,78,33.8
00:17:51,178,78,33.8
00:17:52,178,79,33.8
00:17:53,178,80,33.8
00:17:54,178,81,33.7
00:17:55,178,82,33.8
00:17:56,178,83,33.7
00:17:57,178,85,33.7
00:17:58,178,85,33.7
00:17:59,178,85,33.8
00:18:00,178,84,33.7
00:18:01,178,85,33.7
00:18:02,178,86,33.7
00:18:03,178,86,33.7
00:18:04,178,85,33.7
00:18:05,178,84,33.7
00:18:06,178,83,33.7
00:18:07,177,84,33.7
00:18:08,177,85,33.6
00:18:09,177,85,33.7
00:18:10,177,85,33.7
00:18:11,176,85,33.6
00:18:12,176,86,33.6
00:18:13,175,87,33.7
00:18:14,175,86,33.7
00:18:15,174,87,33.6
00:18:16,174,44,33.6
00:18:17,173,44,33.5
00:18:18,173,44,33.7
00:18:19,172,83,33.7
00:18:20,172,86,33.7
00:18:21,171,86,33.7
00:18:22,170,86,33.6
00:18:23,170,88,33.5
00:18:24,170,91,33.5
00:18:25,169,92,33.7
00:18:26,169,94,33.6
00:18:27,168,96,33.5
00:18:28,168,96,33.5
00:18:29,168,98,33.5
00:18:30,168,99,33.5
00:18:31,168,99,33.5
00:18:32,167,99,33.5
00:18:33,167,99,33.5
00:18:34,167,97,33.6
00:18:35,167,96,33.5
00:18:36,167,95,33.5
00:18:37,167,93,33.6
00:18:38,167,93,33.5
00:18:39,167,93,33.5
00:18:40,167,93,33.5
00:18:41,167,94,33.4
00:18:42,167,93,33.6
00:18:43,167,96,33.5
00:18:44,167,96,33.5
00:18:45,167,97,33.5
00:18:46,166,97,33.5
00:18:47,166,96,33.5
00:18:48,166,97,33.5
00:18:49,166,96,33.5
00:18:50,166,96,33.5
00:18:51,166,97,33.5
00:18:52,166,96,33.5
00:18:53,166,97,33.5
00:18:54,166,96,33.3
00:18:55,166,95,33.4
00:18:56,166,95,33.4
00:18:57,166,96,33.5
00:18:58,166,96,33.3
00:18:59,166,94,33.3
00:19:00,165,94,33.3
00:19:01,165,94,33.5
00:19:02,165,94,33.4
00:19:03,165,95,33.5
00:19:04,165,96,33.3
00:19:05,165,97,33.5
00:19:06,165,97,33.4
00:19:07,165,97,33.4
00:19:08,165,98,33.4
00:19:09,165,97,33.3
00:19:10,165,97,33.5
00:19:11,165,96,33.4
00:19:12,165,96,33.5
00:19:13,165,96,33.5
00:19:14,165,95,33.5
00:19:15,165,95,33.4
00:19:16,166,96,33.4
00:19:17,166,96,33.5
00:19:22,166,97,33.4
00:19:23,166,98,33.5
00:19:24,167,97,33.5
00:19:25,167,97,33.4
00:19:26,167,96,33.5
00:19:27,167,96,33.5
00:19:28,167,96,33.5
00:19:29,167,96,33.5
00:19:30,167,96,33.5
00:19:31,167,97,33.5
00:19:32,167,96,33.4
00:19:33,167,97,33.5
00:19:34,167,96,33.5
00:19:35,167,96,33.5
00:19:36,167,95,33.4
00:19:37,167,96,33.5
00:19:38,167,95,33.5
00:19:39,167,95,33.5
00:19:40,167,94,33.5
00:19:41,167,95,33.5
00:19:42,166,95,33.5
00:19:43,166,96,33.5
00:19:44,166,97,33.5
00:19:45,166,96,33.5
00:19:46,166,95,33.5
00:19:47,166,95,33.7
00:19:48,166,96,33.5
00:19:49,166,96,33.5
00:19:50,166,97,33.5
00:19:51,167,96,33.5
00:19:52,167,97,33.7
00:19:53,167,97,33.6
00:19:54,167,96,33.5
00:19:55,168,97,33.5
00:19:56,168,97,33.6
00:19:57,168,97,33.6
00:19:58,169,97,33.7
00:19:59,169,97,33.7
00:20:00,169,97,33.5
00:20:01,169,99,33.7
00:20:02,170,103,33.5
00:20:03,170,107,33.7
00:20:04,170,116,33.7
00:20:05,171,118,33.7
00:20:06,171,117,33.7
00:20:07,171,116,33.6
00:20:08,172,116,33.7
00:20:09,172,114,33.7
00:20:10,173,115,33.8
00:20:11,174,115,33.7
00:20:12,174,113,33.7
00:20:13,175,114,33.8
00:20:14,175,117,33.7
00:20:15,175,116,33.8
00:20:16,176,116,33.8
00:20:17,176,114,33.8
00:20:18,176,114,33.8
00:20:19,177,113,33.7
00:20:20,177,112,33.8
00:20:21,177,110,33.8
00:20:22,177,109,33.8
00:20:23,177,109,33.8
00:20:24,177,110,33.8
00:20:25,178,110,33.8
00:20:26,178,112,33.8
00:20:27,178,110,33.8
00:20:28,178,108,33.9
00:20:29,178,107,33.8
00:20:30,178,106,33.8
00:20:31,178,97,33.8
00:20:32,178,94,33.8
00:20:33,178,91,33.8
00:20:38,178,85,33.8
00:20:39,178,85,34.0
00:20:40,178,85,34.0
00:20:41,178,85,33.8
00:20:42,178,85,33.8
00:20:43,177,85,33.9
00:20:44,177,84,33.9
00:20:45,177,85,33.9
00:20:46,177,84,33.9
00:20:47,177,84,33.8
00:20:48,177,84,33.8
00:20:49,176,84,33.9
00:20:50,176,84,33.8
00:20:51,176,85,33.8
00:20:52,176,85,34.0
00:20:53,175,85,33.9
00:20:54,175,86,34.0
00:20:55,175,85,33.8
00:20:56,175,85,34.0
00:20:57,174,84,34.0
00:20:58,174,86,33.9
00:20:59,174,85,34.0
00:21:00,173,85,34.0
00:21:01,173,85,33.8
00:21:02,173,86,34.0
00:21:03,173,87,34.0
00:21:04,173,87,34.0
00:21:05,173,90,34.0
00:21:06,173,91,34.0
00:21:07,173,91,34.0
00:21:08,173,89,34.0
00:21:09,173,90,34.0
00:21:10,173,90,34.0
00:21:11,173,90,34.0
00:21:12,173,90,34.0
00:21:13,173,89,34.0
00:21:14,173,89,34.0
00:21:15,173,90,34.0
00:21:16,174,91,34.0
00:21:17,174,90,34.0
00:21:18,174,90,34.0
00:21:19,174,90,34.2
00:21:20,174,90,34.0
00:21:21,173,89,34.0
00:21:22,173,90,34.2
00:21:23,173,90,34.0
00:21:24,173,90,34.2
00:21:25,173,91,34.0
00:21:26,173,91,34.0
00:21:27,173,92,34.1
00:21:28,173,93,34.1
00:21:29,173,94,34.2
00:21:30,173,105,34.1
00:21:31,173,115,34.2
00:21:32,173,119,34.2
00:21:33,174,119,34.2
00:21:34,174,118,34.2
00:21:35,174,117,34.2
00:21:36,174,115,34.1
00:21:37,175,113,34.2
00:21:38,175,113,34.2
00:21:39,175,113,34.1
00:21:40,175,111,34.3
00:21:41,176,111,34.3
00:21:42,176,115,34.3
00:21:43,176,115,34.3
00:21:44,176,115,34.3
00:21:45,177,114,34.3
00:21:46,177,116,34.3
00:21:47,177,115,34.3
00:21:48,177,112,34.3
00:21:49,177,111,34.3
00:21:50,178,111,34.3
00:21:51,178,111,34.3
00:21:52,178,111,34.3
00:21:53,178,111,34.3
00:21:54,178,110,34.3
00:21:55,178,109,34.4
00:21:56,178,107,34.3
00:21:57,179,107,34.3
00:21:58,179,107,34.3
00:21:59,179,108,34.3
00:22:00,179,105,34.4
00:22:01,179,104,34.5
00:22:02,179,99,34.4
00:22:03,179,97,34.4
00:22:04,179,94,34.4
00:22:05,179,94,34.4
00:22:06,179,92,34.4
00:22:07,179,91,34.5
00:22:08,178,91,34.4
00:22:09,178,92,34.5
00:22:10,178,91,34.4
00:22:11,178,91,34.5
00:22:12,178,90,34.4
00:22:13,178,90,34.4
00:22:14,178,90,34.4
00:22:15,178,90,34.5
00:22:16,178,90,34.5
00:22:17,177,90,34.5
00:22:18,177,90,34.4
00:22:19,177,90,34.4
00:22:20,177,90,34.4
00:22:21,177,90,34.4
00:22:22,177,90,34.4
00:22:23,177,90,34.4
00:22:24,177,90,34.5
00:22:25,177,89,34.5
00:22:26,177,89,34.5
00:22:27,177,89,34.3
00:22:28,177,89,34.5
00:22:29,177,90,34.5
00:22:30,177,90,34.4
00:22:31,176,91,34.5
00:22:32,176,91,34.5
00:22:33,176,91,34.5
00:22:34,176,91,34.5
00:22:35,176,90,34.5
00:22:36,177,91,34.5
00:22:37,177,91,34.4
00:22:38,176,91,34.5
00:22:39,176,91,34.5
00:22:40,176,91,34.5
00:22:41,176,91,34.5
00:22:42,176,91,34.5
00:22:43,176,91,34.5
00:22:44,176,91,34.5
00:22:45,176,91,34.5
00:22:46,176,92,34.6
00:22:47,176,92,34.5
00:22:48,175,92,34.6
00:22:49,175,92,34.5
00:22:50,175,92,34.5
00:22:51,175,92,34.5
00:22:52,175,92,34.6
00:22:53,175,92,34.6
00:22:54,175,93,34.6
00:22:55,175,96,34.6
00:22:56,175,99,34.5
00:22:57,176,101,34.5
00:22:58,176,104,34.5
00:22:59,176,107,34.6
00:23:00,176,109,34.6
00:23:01,176,110,34.6
00:23:02,177,110,34.5
00:23:03,177,108,34.5
00:23:04,177,108,34.6
00:23:05,177,107,34.6
00:23:06,178,106,34.6
00:23:07,178,105,34.6
00:23:08,178,105,34.5
00:23:09,178,104,34.5
00:23:10,178,103,34.7
00:23:11,179,103,34.7
00:23:12,179,103,34.7
00:23:13,179,101,34.8
00:23:14,179,101,34.7
00:23:15,179,100,34.6
00:23:16,179,100,34.7
00:23:17,178,99,34.7
00:23:18,178,98,34.7
00:23:19,178,97,34.6
00:23:20,178,96,34.7
00:23:21,178,95,34.7
00:23:22,178,96,34.7
00:23:23,178,96,34.7
00:23:24,178,96,34.8
00:23:25,178,97,34.7
00:23:26,178,98,34.7
00:23:27,178,99,34.7
00:23:28,178,105,34.7
00:23:29,178,106,34.6
00:23:30,178,107,34.7
00:23:31,178,106,34.8
00:23:32,178,104,34.8
00:23:33,178,104,34.7
00:23:34,178,102,34.7
00:23:35,178,103,34.7
00:23:36,178,102,34.7
00:23:37,178,100,34.8
00:23:38,178,98,34.7
00:23:39,178,93,34.8
00:23:40,178,88,34.7
00:23:41,178,82,34.7
00:23:42,178,79,34.7
00:23:43,178,76,34.7
00:23:44,177,76,34.6
00:23:45,177,76,34.7
00:23:46,177,78,34.7
00:23:47,177,79,34.7
00:23:48,176,79,34.7
00:23:49,176,80,34.7
00:23:50,176,80,34.8
00:23:51,176,81,34.8
00:23:52,175,81,34.8
00:23:53,175,81,34.8
00:23:54,175,81,34.8
00:23:55,175,81,34.8
00:23:56,174,81,34.8
00:23:57,174,82,34.8
00:23:58,174,82,34.8
00:23:59,174,82,34.9
00:24:00,174,82,34.8
00:24:01,174,82,34.8
00:24:02,173,82,34.8
00:24:03,173,81,34.8
00:24:04,173,81,34.8
00:24:05,173,81,34.8
00:24:06,173,82,34.7
00:24:07,172,82,34.8
00:24:08,172,81,34.8
00:24:09,172,82,34.9
00:24:10,172,81,34.8
00:24:11,172,82,34.8
00:24:12,172,81,34.8
00:24:13,172,81,34.8
00:24:14,172,81,34.8
00:24:15,172,81,34.8
00:24:16,172,80,35.0
00:24:17,172,80,34.9
00:24:18,172,80,34.8
00:24:19,172,80,34.8
00:24:20,172,79,34.8
00:24:21,172,80,34.8
00:24:22,172,81,34.8
00:24:23,172,82,34.8
00:24:24,173,84,34.8
00:24:25,173,85,34.8
00:24:26,173,87,34.8
00:24:27,173,90,34.8
00:24:28,173,94,34.8
00:24:29,173,96,34.8
00:24:30,173,98,34.9
00:24:31,174,99,34.8
00:24:32,174,99,34.9
00:24:33,175,99,34.8
00:24:34,175,100,34.9
00:24:35,176,98,35.0
00:24:36,176,98,34.9
00:24:37,177,97,34.9
00:24:38,177,98,34.8
00:24:39,178,99,34.9
00:24:40,178,99,34.8
00:24:41,178,99,34.8
00:24:42,179,101,34.8
00:24:43,179,100,35.0
00:24:44,179,100,34.8
00:24:45,179,101,34.8
00:24:46,179,99,35.0
00:24:47,179,99,34.8
00:24:48,178,99,34.8
00:24:49,178,98,34.9
00:24:50,178,98,34.9
00:24:51,178,98,35.0
00:24:52,178,97,34.8
00:24:53,177,97,35.0
00:24:54,177,97,34.8
00:24:55,177,99,34.8
00:24:56,177,100,35.0
00:24:57,176,98,34.9
00:24:58,176,98,34.9
00:24:59,176,99,35.0
00:25:00,176,98,34.8
00:25:01,176,98,34.8
00:25:02,176,97,35.0
00:25:03,176,96,35.0
00:25:04,176,96,35.0
00:25:05,176,95,35.0
00:25:06,176,96,35.0
00:25:07,176,95,34.8
00:25:08,176,96,35.0
00:25:09,176,96,34.9
00:25:10,176,96,35.0
00:25:11,176,96,34.8
00:25:12,176,98,35.0
00:25:13,176,100,35.0
00:25:14,176,99,35.0
00:25:15,176,100,35.0
00:25:16,176,100,34.8
00:25:17,176,99,35.0
00:25:21,176,96,35.0
00:25:22,176,97,35.0
00:25:23,176,96,35.0
00:25:24,176,97,35.0
00:25:25,176,97,35.0
00:25:26,176,96,35.0
00:25:27,176,97,35.0
00:25:28,176,95,35.0
00:25:29,176,95,35.0
00:25:30,176,96,35.0
00:25:31,176,97,35.0
00:25:32,176,99,35.0
00:25:33,176,102,35.0
00:25:34,176,102,35.0
00:25:35,176,104,35.0
00:25:36,176,103,35.0
00:25:37,176,103,35.0
00:25:38,176,103,35.1
00:25:39,176,102,35.0
00:25:40,177,103,35.0
00:25:41,177,102,35.0
00:25:42,177,101,35.0
00:25:43,177,100,35.0
00:25:44,177,99,35.1
00:25:45,177,98,35.0
00:25:46,178,98,35.1
00:25:47,178,98,35.0
00:25:48,178,96,35.0
00:25:49,178,95,35.1
00:25:50,178,96,35.1
00:25:51,178,99,35.0
00:25:52,178,100,35.1
00:25:53,178,100,35.2
00:25:54,179,99,35.2
00:25:55,179,97,35.1
00:25:56,179,97,35.0
00:25:57,179,98,35.2
00:25:58,179,98,35.1
00:25:59,179,97,35.1
00:26:00,179,95,35.2
00:26:01,179,94,35.1
00:26:02,179,94,35.2
00:26:03,179,92,35.2
00:26:04,179,90,35.2
00:26:05,179,90,35.2
00:26:06,179,89,35.2
00:26:07,180,86,35.2
00:26:08,179,86,35.3
00:26:09,179,85,35.2
00:26:10,179,86,35.2
00:26:11,179,85,35.2
00:26:12,179,84,35.2
00:26:13,179,84,35.2
00:26:14,179,83,35.1
00:26:15,179,84,35.2
00:26:16,179,86,35.2
00:26:17,178,88,35.2
00:26:18,178,91,35.1
00:26:19,178,91,35.1
00:26:20,178,92,35.0
00:26:21,177,93,35.2
00:26:22,177,93,35.1
00:26:23,177,94,35.1
00:26:24,177,94,35.2
00:26:25,177,93,35.2
00:26:26,177,94,35.0
00:26:27,176,91,35.2
00:26:28,176,91,35.2
00:26:29,176,90,35.2
00:26:30,176,87,35.2
00:26:31,176,88,35.2
00:26:32,176,89,35.2
00:26:33,175,90,35.1
00:26:34,175,90,35.0
00:26:35,175,90,35.2
00:26:36,175,91,35.3
00:26:37,175,91,35.2
00:26:38,175,90,35.0
00:26:39,175,91,35.0
00:26:40,175,90,35.2
00:26:41,175,90,35.2
00:26:42,174,89,35.2
00:26:43,174,88,35.2
00:26:44,174,88,35.2
00:26:45,174,89,35.1
00:26:46,174,91,35.0
00:26:47,174,93,35.2
00:26:48,174,94,35.3
00:26:49,174,96,35.2
00:26:50,174,98,35.2
00:26:51,175,98,35.2
00:26:52,175,95,35.1
00:26:53,175,94,35.3
00:26:54,175,93,35.3
00:26:55,175,93,35.3
00:26:56,175,91,35.3
00:26:57,175,90,35.2
00:26:58,175,88,35.3
00:26:59,175,87,35.3
00:27:00,175,85,35.3
00:27:01,175,83,35.3
00:27:02,175,82,35.3
00:27:03,175,82,35.3
00:27:04,175,78,35.3
00:27:05,175,75,35.3
00:27:06,174,74,35.3
00:27:07,175,72,35.3
00:27:08,175,72,35.3
00:27:09,174,71,35.3
00:27:10,175,70,35.3
00:27:11,175,69,35.3
00:27:12,175,68,35.3
00:27:16,175,65,35.3
00:27:17,176,64,35.3
00:27:18,176,63,35.3
00:27:19,177,63,35.3
00:27:20,177,62,35.3
00:27:21,177,62,35.3
00:27:22,178,61,35.3
00:27:23,178,62,35.5
00:27:24,178,62,35.4
00:27:25,179,61,35.4
00:27:26,179,62,35.3
00:27:27,179,63,35.3
00:27:28,179,64,35.4
00:27:29,179,65,35.3
00:27:30,179,67,35.3
00:27:31,179,71,35.3
00:27:32,179,79,35.5
00:27:33,179,85,35.5
00:27:34,179,91,35.3
00:27:35,179,91,35.5
00:27:36,180,91,35.5
00:27:37,180,92,35.3
00:27:38,180,91,35.5
00:27:39,180,91,35.3
00:27:40,180,90,35.5
00:27:41,180,89,35.3
00:27:42,180,86,35.4
00:27:43,180,86,35.5
00:27:44,181,85,35.3
00:27:45,181,83,35.5
00:27:46,181,82,35.5
00:27:47,181,81,35.5
00:27:48,181,80,35.4
00:27:49,182,81,35.5
00:27:50,182,85,35.3
00:27:51,182,88,35.3
00:27:52,182,91,35.5
00:27:53,182,92,35.5
00:27:54,182,91,35.5
00:27:55,183,90,35.3
00:27:56,183,86,35.5
00:27:57,183,83,35.5
00:27:58,183,82,35.3
00:27:59,183,82,35.4
00:28:00,183,77,35.4
00:28:01,183,72,35.4
00:28:02,183,66,35.5
00:28:03,183,62,35.5
00:28:04,183,61,35.4
00:28:05,183,60,35.3
00:28:06,183,59,35.5
00:28:07,183,59,35.5
00:28:08,183,59,35.5
00:28:09,183,59,35.5
00:28:10,183,58,35.4
00:28:11,183,59,35.5
00:28:12,183,59,35.3
00:28:13,183,60,35.5
00:28:14,183,60,35.5
00:28:15,183,60,35.5
00:28:16,183,60,35.5
00:28:17,183,61,35.5
00:28:18,183,61,35.5
00:28:19,183,61,35.5
00:28:20,182,61,35.4
00:28:21,182,60,35.5
00:28:22,182,60,35.5
00:28:23,182,60,35.5
00:28:24,182,60,35.4
00:28:25,182,59,35.5
00:28:26,181,59,35.4
00:28:27,181,59,35.5
00:28:28,181,59,35.5
00:28:29,181,61,35.5
00:28:30,181,69,35.5
00:28:31,181,75,35.5
00:28:32,181,80,35.5
00:28:33,181,82,35.4
00:28:34,181,82,35.4
00:28:35,181,83,35.5
00:28:36,181,84,35.5
00:28:37,181,86,35.5
00:28:38,181,87,35.5
00:28:39,181,89,35.5
00:28:40,181,97,35.3
00:28:41,182,101,35.5
00:28:42,182,109,35.5
00:28:43,182,110,35.5
00:28:44,182,109,35.5
00:28:45,182,109,35.5
00:28:46,182,108,35.5
00:28:47,182,108,35.5
00:28:48,182,108,35.5
00:28:49,182,108,35.5
00:28:50,182,107,35.5
00:28:51,182,108,35.5
00:28:52,182,108,35.5
00:28:53,182,105,35.5
00:28:54,182,102,35.5
00:28:55,182,93,35.5
00:28:56,182,89,35.5
00:28:57,182,85,35.5
00:28:58,182,78,35.5
00:28:59,182,76,35.5
00:29:00,182,74,35.4
00:29:01,182,74,35.5
00:29:02,182,74,35.5
00:29:03,181,75,35.4
00:29:04,181,74,35.4
00:29:05,181,74,35.5
00:29:06,181,74,35.3
00:29:07,181,74,35.4
00:29:08,181,74,35.5
00:29:09,180,74,35.5
00:29:10,180,73,35.3
00:29:13,180,73,35.3
00:29:14,179,73,35.3
00:29:15,179,74,35.3
00:29:16,179,73,35.3
00:29:17,179,73,35.3
00:29:18,179,72,35.3
00:29:19,178,73,35.3
00:29:20,178,72,35.3
00:29:21,178,72,35.3
00:29:22,178,72,35.3
00:29:23,178,72,35.3
00:29:24,177,73,35.2
00:29:25,177,73,35.3
00:29:26,177,73,35.2
00:29:27,177,72,35.3
00:29:28,176,72,35.3
00:29:29,176,71,35.3
00:29:30,176,71,35.2
00:29:31,176,73,35.3
00:29:32,176,73,35.2
00:29:33,176,74,35.2
00:29:34,176,75,35.2
00:29:35,176,74,35.3
00:29:36,176,73,35.2
00:29:37,176,74,35.3
00:29:38,176,74,35.2
00:29:39,176,75,35.3
00:29:40,176,76,35.2
00:29:41,177,76,35.3
00:29:42,177,76,35.3
00:29:43,177,76,35.2
00:29:44,177,76,35.3
00:29:45,178,76,35.2
00:29:46,178,77,35.2
00:29:47,178,78,35.3
00:29:48,178,79,35.3
00:29:49,179,79,35.2
00:29:50,179,81,35.2
00:29:51,179,84,35.2
00:29:52,179,87,35.3
00:29:53,179,88,35.3
00:29:54,180,88,35.3
00:29:55,180,86,35.3
00:29:56,180,86,35.3
00:29:57,180,86,35.2
00:29:58,180,86,35.2
00:29:59,181,84,35.3
00:30:00,181,82,35.3
00:30:01,181,82,35.2
00:30:02,182,81,35.3
00:30:03,182,80,35.3
00:30:04,182,80,35.3
00:30:05,182,80,35.3
00:30:06,183,80,35.3
00:30:07,183,79,35.2
00:30:08,183,78,35.2
00:30:09,183,79,35.2
00:30:10,183,79,35.2
00:30:11,184,79,35.2
00:30:12,184,79,35.3
00:30:13,184,80,35.3
00:30:14,184,80,35.3
00:30:15,184,79,35.2
00:30:16,184,80,35.2
00:30:17,184,80,35.2
00:30:18,184,80,35.2
00:30:19,184,81,35.2
00:30:20,184,82,35.3
00:30:21,183,80,35.3
00:30:22,183,78,35.3
00:30:23,183,77,35.2
00:30:24,183,75,35.3
00:30:25,183,75,35.3
00:30:26,183,75,35.3
00:30:27,183,75,35.3
00:30:28,183,75,35.2
00:30:29,183,74,35.2
00:30:30,183,74,35.3
00:30:31,183,73,35.3
00:30:32,182,72,35.2
00:30:33,182,71,35.3
00:30:34,182,67,35.3
00:30:35,182,64,35.3
00:30:36,182,64,35.3
00:30:37,181,65,35.3
00:30:40,181,70,35.3
00:30:41,180,72,35.2
00:30:42,180,72,35.2
00:30:43,180,73,35.2
00:30:44,180,72,35.2
00:30:45,180,72,35.3
00:30:46,179,73,35.3
00:30:47,179,73,35.3
00:30:48,179,74,35.3
00:30:49,179,75,35.3
00:30:50,178,75,35.3
00:30:51,178,75,35.2
00:30:52,178,75,35.3
00:30:53,178,75,35.3
00:30:54,178,74,35.2
00:30:55,178,72,35.3
00:30:56,178,72,35.3
00:30:57,177,73,35.2
00:30:58,177,72,35.2
00:30:59,177,72,35.2
00:31:00,177,72,35.3
00:31:01,177,73,35.2
00:31:02,177,74,35.3
00:31:03,176,76,35.2
00:31:04,176,77,35.2
00:31:05,176,78,35.2
00:31:06,176,79,35.2
00:31:07,176,79,35.2
00:31:08,176,79,35.2
00:31:09,177,79,35.2
00:31:10,177,77,35.2
00:31:11,177,76,35.2
00:31:12,177,75,35.2
00:31:13,177,76,35.2
00:31:14,177,75,35.2
00:31:15,177,74,35.2
00:31:16,177,74,35.2
00:31:17,177,74,35.1
00:31:18,177,72,35.2
00:31:19,178,71,35.3
00:31:20,178,72,35.3
00:31:21,178,72,35.2
00:31:22,178,72,35.3
00:31:23,178,71,35.2
00:31:24,179,71,35.3
00:31:25,179,72,35.3
00:31:26,179,72,35.2
00:31:27,179,72,35.2
00:31:28,179,71,35.3
00:31:29,179,71,35.3
00:31:30,179,71,35.3
00:31:31,179,70,35.3
00:31:32,180,69,35.3
00:31:33,180,68,35.2
00:31:34,180,69,35.3
00:31:35,180,69,35.2
00:31:36,180,68,35.3
00:31:37,180,68,35.3
00:31:38,180,69,35.3
00:31:39,180,68,35.3
00:31:40,180,68,35.3
00:31:41,180,68,35.2
00:31:42,180,70,35.3
00:31:43,180,70,35.3
00:31:44,180,69,35.3
00:31:45,180,69,35.3
00:31:46,180,69,35.3
00:31:47,180,69,35.3
00:31:48,181,70,35.3
00:31:49,181,70,35.3
00:31:50,181,69,35.4
00:31:51,181,69,35.3
00:31:52,181,69,35.3
00:31:53,181,69,35.3
00:31:54,181,69,35.4
00:31:55,181,70,35.3
00:31:56,181,69,35.3
00:31:57,181,69,35.4
00:31:58,181,69,35.3
00:31:59,182,70,35.3
00:32:00,182,69,35.3
00:32:01,182,65,35.3
00:32:02,182,61,35.3
00:32:03,182,61,35.3
00:32:04,181,60,35.3
00:32:05,181,62,35.3
00:32:06,181,63,35.4
00:32:07,181,64,35.3
00:32:08,181,64,35.4
00:32:09,181,64,35.3
00:32:10,181,65,35.3
00:32:11,181,66,35.4
00:32:12,181,67,35.3
00:32:13,181,68,35.3
00:32:14,181,69,35.3
00:32:15,180,72,35.3
00:32:16,180,74,35.3
00:32:17,180,75,35.3
00:32:18,180,76,35.3
00:32:19,180,76,35.3
00:32:20,179,77,35.2
00:32:21,179,77,35.3
00:32:22,179,77,35.2
00:32:23,178,77,35.2
00:32:24,178,78,35.2
00:32:25,178,78,35.2
00:32:26,177,78,35.2
00:32:27,177,78,35.2
00:32:28,176,78,35.3
00:32:29,176,77,35.2
00:32:30,175,77,35.2
00:32:31,175,78,35.3
00:32:32,175,79,35.2
00:32:33,174,79,35.2
00:32:34,174,79,35.2
00:32:35,173,79,35.3
00:32:36,173,79,35.2
00:32:37,173,79,35.2
00:32:38,172,79,35.0
00:32:39,172,77,35.2
00:32:40,172,78,35.2
00:32:41,171,77,35.0
00:32:42,171,77,35.1
00:32:43,170,77,35.2
00:32:44,170,78,35.0
00:32:45,169,78,35.0
00:32:46,169,79,35.2
00:32:47,168,78,35.1
00:32:48,168,78,35.2
00:32:49,168,77,35.2
00:32:50,167,77,35.0
00:32:51,167,77,35.1
00:32:52,167,77,35.1
00:32:53,166,76,35.2
00:32:54,166,76,35.2
00:32:55,166,77,35.1
00:32:56,166,77,35.2
00:32:57,166,79,35.1
00:32:58,166,43,35.1
00:32:59,165,43,35.1
00:33:02,165,76,35.2
00:33:03,165,78,35.2
00:33:04,166,79,35.0
00:33:05,166,80,35.1
00:33:06,166,80,35.1
00:33:07,166,81,35.1
00:33:08,166,43,35.0
00:33:09,166,43,35.1
00:33:10,166,79,35.0
00:33:11,165,80,35.2
00:33:12,165,78,35.0
00:33:13,164,75,35.0
00:33:14,164,74,35.2
00:33:15,163,73,35.2
00:33:16,163,70,35.0
00:33:17,162,68,35.2
00:33:18,162,66,35.0
00:33:19,162,64,35.1
00:33:20,162,64,35.1
00:33:21,162,67,35.0
00:33:22,162,70,35.0
00:33:23,162,71,35.0
00:33:24,162,71,35.0
00:33:25,162,69,35.0
00:33:26,162,68,35.0
00:33:27,162,67,35.0
00:33:28,162,66,35.0
00:33:29,162,65,34.9
00:33:30,163,67,35.0
00:33:31,163,71,35.0
00:33:32,163,74,35.0
00:33:33,162,78,34.9
00:33:34,162,79,35.0
00:33:35,162,82,35.0
00:33:36,162,82,35.0
00:33:37,162,82,35.0
00:33:38,162,80,35.0
00:33:39,162,79,35.0
00:33:40,162,78,35.0
00:33:41,162,79,35.0
00:33:42,162,78,35.0
00:33:43,162,79,35.0
00:33:44,162,78,35.0
00:33:45,162,79,35.0
00:33:46,162,79,35.0
00:33:47,162,78,35.0
00:33:48,162,79,35.2
00:33:49,162,79,35.0
00:33:50,162,79,35.0
00:33:51,161,79,35.0
00:33:52,161,79,35.0
00:33:53,161,79,35.0
00:33:54,160,80,35.0
00:33:55,160,80,35.0
00:33:56,160,80,35.0
00:33:57,160,79,35.0
00:33:58,159,78,35.0
00:33:59,159,78,35.0
00:34:00,159,79,35.0
00:34:01,159,78,35.0
00:34:02,159,78,35.1
00:34:03,159,76,35.1
00:34:04,159,74,35.0
00:34:05,159,73,35.0
00:34:06,160,74,35.0
00:34:07,160,75,35.0
00:34:08,160,74,35.2
00:34:09,161,73,35.3
00:34:10,161,72,35.1
00:34:11,161,71,35.0
00:34:12,162,71,35.0
00:34:13,162,71,35.3
00:34:14,163,71,35.0
00:34:15,163,70,35.1
00:34:16,163,70,35.2
00:34:17,164,70,35.2
00:34:18,164,70,35.0
00:34:19,165,70,35.0
00:34:20,165,71,35.1
00:34:21,166,71,35.0
00:34:22,166,70,35.1
00:34:23,167,68,35.0
00:34:24,167,68,35.1
00:34:25,167,68,35.1
00:34:26,168,68,35.0
00:34:27,168,68,35.2
00:34:28,169,69,35.3
00:34:29,169,71,35.2
00:34:30,169,71,35.2
00:34:31,170,72,35.2
00:34:32,170,72,35.2
00:34:33,170,74,35.2
00:34:34,171,74,35.2
00:34:35,171,73,35.2
00:34:36,171,73,35.2
00:34:37,172,72,35.2
00:34:38,172,73,35.2
00:34:39,172,72,35.2
00:34:40,173,73,35.2
00:34:41,173,73,35.3
00:34:42,173,73,35.3
00:34:43,174,73,35.2
00:34:44,174,73,35.2
00:34:45,175,73,35.3
00:34:46,175,74,35.2
00:34:47,175,73,35.2
00:34:48,176,72,35.2
00:34:49,176,72,35.3
00:34:50,176,72,35.3
00:34:51,176,71,35.2
00:34:52,177,70,35.2
00:34:53,177,69,35.3
00:34:54,177,68,35.3
00:34:55,178,68,35.2
00:34:56,178,67,35.2
00:34:57,178,68,35.3
00:34:58,179,68,35.3
00:34:59,179,68,35.3
00:35:00,179,69,35.2
00:35:01,179,70,35.3
00:35:02,179,69,35.3
00:35:03,179,68,35.3
00:35:04,179,68,35.3
00:35:05,179,68,35.4
00:35:06,179,67,35.3
00:35:07,180,68,35.3
00:35:08,179,68,35.3
00:35:09,180,69,35.3
00:35:10,180,70,35.3
00:35:11,180,71,35.3
00:35:12,180,72,35.3
00:35:13,180,74,35.3
00:35:14,179,74,35.3
00:35:15,180,74,35.3
00:35:16,180,75,35.3
00:35:17,180,75,35.3
00:35:18,180,75,35.3
00:35:19,180,75,35.3
00:35:20,180,75,35.3
00:35:21,180,75,35.4
00:35:22,181,74,35.3
00:35:27,181,73,35.3
00:35:28,181,73,35.3
00:35:29,182,72,35.3
00:35:30,182,71,35.3
00:35:31,182,70,35.3
00:35:32,182,70,35.3
00:35:33,182,70,35.4
00:35:34,182,70,35.3
00:35:35,182,69,35.3
00:35:36,182,70,35.5
00:35:37,182,72,35.5
00:35:38,182,73,35.3
00:35:39,182,75,35.4
00:35:40,182,75,35.4
00:35:41,183,75,35.5
00:35:42,183,75,35.3
00:35:43,183,76,35.3
00:35:44,183,75,35.3
00:35:45,183,75,35.5
00:35:46,183,74,35.5
00:35:47,183,75,35.3
00:35:48,183,74,35.5
00:35:49,183,74,35.4
00:35:50,183,73,35.3
00:35:51,183,72,35.5
00:35:52,183,72,35.5
00:35:53,183,73,35.5
00:35:54,183,72,35.5
00:35:55,183,72,35.5
00:35:56,183,72,35.5
00:35:57,183,72,35.5
00:35:58,183,71,35.5
00:35:59,183,72,35.5
00:36:00,183,72,35.5
00:36:01,183,72,35.3
00:36:02,183,72,35.5
00:36:03,183,73,35.5
00:36:04,183,75,35.5
00:36:05,183,76,35.5
00:36:06,183,77,35.5
00:36:07,183,79,35.5
00:36:08,183,78,35.5
00:36:09,183,78,35.5
00:36:10,182,79,35.5
00:36:11,182,79,35.5
00:36:12,182,79,35.5
00:36:13,182,79,35.5
00:36:14,182,78,35.5
00:36:15,182,78,35.5
00:36:16,182,77,35.5
00:36:17,182,76,35.5
00:36:18,181,76,35.5
00:36:19,181,75,35.6
00:36:20,181,74,35.5
00:36:21,181,74,35.5
00:36:22,181,73,35.5
00:36:23,181,72,35.5
00:36:24,181,72,35.5
00:36:25,181,72,35.5
00:36:26,181,72,35.5
00:36:27,181,73,35.3
00:36:28,181,73,35.5
00:36:29,181,74,35.4
00:36:30,181,76,35.4
00:36:31,181,77,35.5
00:36:32,181,79,35.3
00:36:33,180,81,35.3
00:36:34,180,82,35.3
00:36:35,180,83,35.3
00:36:36,179,82,35.3
00:36:37,179,81,35.3
00:36:38,179,81,35.3
00:36:39,179,80,35.3
00:36:40,179,78,35.3
00:36:41,178,76,35.4
00:36:42,178,76,35.3
00:36:43,178,75,35.3
00:36:44,177,75,35.3
00:36:45,177,76,35.3
00:36:46,177,77,35.3
00:36:47,176,79,35.2
00:36:48,176,79,35.3
00:36:49,176,80,35.3
00:36:50,176,80,35.2
00:36:51,175,81,35.2
00:36:52,175,80,35.3
00:36:53,175,80,35.3
00:36:54,174,81,35.3
00:36:55,174,81,35.2
00:36:56,174,82,35.3
00:36:57,173,82,35.2
00:36:58,173,81,35.2
00:36:59,172,81,35.3
00:37:00,172,81,35.3
00:37:01,172,82,35.2
00:37:02,172,82,35.3
00:37:03,172,82,35.2
00:37:04,171,82,35.3
00:37:05,171,80,35.2
00:37:06,171,80,35.2
00:37:07,171,77,35.2
00:37:08,171,74,35.2
00:37:09,171,70,35.0
00:37:10,171,67,35.2
00:37:11,172,66,35.2
00:37:12,172,65,35.2
00:37:13,172,65,35.2
00:37:14,173,65,35.2
00:37:15,173,65,35.2
00:37:16,173,65,35.3
00:37:17,173,66,35.0
00:37:18,174,65,35.2
00:37:21,174,65,35.2
00:37:22,175,66,35.1
00:37:23,175,67,35.2
00:37:24,175,66,35.0
00:37:25,175,66,35.1
00:37:26,175,66,35.2
00:37:27,175,65,35.2
00:37:28,175,65,35.1
00:37:29,175,64,35.1
00:37:30,175,63,35.1
00:37:31,175,64,35.0
00:37:32,175,65,35.0
00:37:33,175,66,35.1
00:37:34,175,66,35.1
00:37:35,176,66,35.0
00:37:36,176,65,35.1
00:37:37,176,64,35.0
00:37:38,176,64,35.1
00:37:39,176,65,35.0
00:37:40,177,64,35.1
00:37:41,177,65,35.2
00:37:42,177,65,35.1
00:37:43,177,65,35.2
00:37:44,177,65,35.0
00:37:45,177,65,35.1
00:37:46,178,65,35.0
00:37:47,178,64,35.2
00:37:48,178,65,35.2
00:37:52,178,66,35.1
00:37:53,178,66,35.2
00:37:54,178,65,35.1
00:37:55,178,64,35.2
00:37:56,178,64,35.2
00:37:57,178,64,35.2
00:37:58,178,64,35.2
00:37:59,178,64,35.2
00:38:00,178,64,35.2
00:38:01,178,65,35.2
00:38:02,178,65,35.2
00:38:03,178,65,35.2
00:38:04,178,65,35.1
00:38:05,178,65,35.2
00:38:06,178,65,35.3
00:38:07,178,64,35.1
00:38:08,178,64,35.2
00:38:09,178,65,35.2
00:38:10,178,65,35.2
00:38:11,178,67,35.2
00:38:12,178,67,35.2
00:38:13,178,66,35.3
00:38:14,178,67,35.3
00:38:15,179,67,35.2
00:38:16,179,66,35.3
00:38:17,179,66,35.3
00:38:18,179,65,35.3
00:38:19,179,65,35.3
00:38:23,179,64,35.3
00:38:24,179,63,35.3
00:38:25,179,66,35.3
00:38:26,179,69,35.2
00:38:27,179,72,35.3
00:38:28,179,79,35.3
00:38:29,179,80,35.3
00:38:30,179,82,35.3
00:38:31,180,83,35.3
00:38:32,180,83,35.3
00:38:33,180,82,35.5
00:38:34,180,81,35.3
00:38:35,180,81,35.3
00:38:36,180,80,35.5
00:38:37,180,80,35.3
00:38:38,180,80,35.5
00:38:39,180,80,35.5
00:38:40,180,79,35.3
00:38:41,180,78,35.3
00:38:42,180,77,35.3
00:38:43,180,76,35.3
00:38:44,180,74,35.5
00:38:45,180,74,35.3
00:38:46,180,75,35.5
00:38:47,180,74,35.5
00:38:48,180,73,35.5
00:38:49,180,72,35.5
00:38:50,180,72,35.5
00:38:51,180,73,35.5
00:38:52,180,72,35.5
00:38:53,180,72,35.5
00:38:54,180,72,35.5
00:38:55,179,73,35.5
00:38:56,179,76,35.5
00:38:57,179,76,35.5
00:38:58,179,76,35.5
00:38:59,179,76,35.5
00:39:00,179,77,35.5
00:39:01,179,77,35.5
00:39:02,178,76,35.5
00:39:03,178,76,35.5
00:39:04,178,76,35.5
00:39:05,178,75,35.7
00:39:06,178,75,35.6
00:39:07,178,76,35.5
00:39:08,178,76,35.7
00:39:09,178,76,35.5
00:39:10,178,76,35.5
00:39:11,178,75,35.5
00:39:12,178,76,35.6
00:39:13,178,77,35.6
00:39:14,177,77,35.5
00:39:15,177,77,35.5
00:39:16,177,76,35.5
00:39:17,177,76,35.7
00:39:18,177,75,35.5
00:39:19,177,74,35.5
00:39:20,176,73,35.5
00:39:21,176,73,35.5
00:39:22,176,73,35.5
00:39:23,176,74,35.5
00:39:24,176,75,35.5
00:39:25,176,76,35.5
00:39:26,175,77,35.5
00:39:27,175,79,35.5
00:39:28,175,78,35.5
00:39:29,175,77,35.5
00:39:30,175,77,35.5
00:39:31,175,77,35.5
00:39:32,174,77,35.5
00:39:33,174,77,35.5
00:39:34,174,77,35.5
00:39:35,174,77,35.5
00:39:36,174,76,35.5
00:39:37,174,77,35.5
00:39:38,174,77,35.5
00:39:39,174,76,35.5
00:39:40,174,76,35.5
00:39:41,174,76,35.5
00:39:42,174,74,35.5
00:39:43,174,74,35.5
00:39:47,174,74,35.5
00:39:48,174,75,35.5
00:39:49,174,75,35.7
00:39:50,173,76,35.5
00:39:51,173,76,35.5
00:39:52,173,76,35.5
00:39:53,173,75,35.5
00:39:54,173,76,35.5
00:39:55,173,77,35.5
00:39:56,173,76,35.5
00:39:57,173,76,35.5
00:39:58,173,75,35.5
00:39:59,173,75,35.5
00:40:00,173,75,35.5
00:40:01,173,75,35.5
00:40:02,173,77,35.5
00:40:03,173,80,35.5
00:40:04,173,85,35.5
00:40:05,173,86,35.5
00:40:06,173,87,35.5
00:40:07,173,87,35.5
00:40:08,173,87,35.5
00:40:09,173,88,35.6
00:40:10,173,87,35.5
00:40:11,174,87,35.5
00:40:12,174,87,35.5
00:40:13,174,87,35.5
00:40:14,175,86,35.7
00:40:15,175,85,35.5
00:40:16,176,84,35.5
00:40:17,176,83,35.5
00:40:18,177,80,35.5
00:40:19,177,79,35.7
00:40:20,178,78,35.6
00:40:21,178,78,35.5
00:40:22,179,77,35.5
00:40:23,179,77,35.5
00:40:24,180,77,35.7
00:40:25,180,77,35.5
00:40:26,180,78,35.6
00:40:27,180,79,35.5
00:40:28,180,80,35.5
00:40:29,181,81,35.5
00:40:30,181,82,35.5
00:40:31,181,83,35.5
00:40:32,181,83,35.5
00:40:33,181,85,35.5
00:40:34,180,84,35.5
00:40:35,180,84,35.5
00:40:36,180,84,35.5
00:40:37,180,83,35.5
00:40:38,180,82,35.5
00:40:39,180,83,35.5
00:40:40,180,83,35.3
00:40:45,180,85,35.3
00:40:46,180,85,35.5
00:40:47,180,84,35.4
00:40:51,180,85,35.3
00:40:52,180,85,35.4
00:40:53,180,86,35.4
00:40:54,180,85,35.3
00:40:55,180,85,35.3
00:40:56,180,84,35.4
00:40:57,181,84,35.5
00:40:58,181,84,35.3
00:40:59,181,84,35.3
00:41:00,180,84,35.3
00:41:01,180,83,35.3
00:41:02,180,82,35.3
00:41:03,180,82,35.3
00:41:04,180,76,35.3
00:41:05,179,71,35.3
00:41:06,179,68,35.3
00:41:07,178,66,35.3
00:41:08,178,65,35.2
00:41:09,178,64,35.2
00:41:10,178,64,35.3
00:41:11,177,63,35.2
00:41:12,177,63,35.2
00:41:13,177,63,35.2
00:41:14,177,63,35.2
00:41:15,177,63,35.2
00:41:16,177,63,35.2
00:41:17,177,63,35.2
00:41:18,177,63,35.2
00:41:21,177,64,35.3
00:41:22,177,65,35.2
00:41:23,177,66,35.1
00:41:24,177,65,35.0
00:41:25,177,66,35.2
00:41:26,177,66,35.2
00:41:27,177,65,35.2
00:41:28,177,66,35.2
00:41:29,177,66,35.2
00:41:30,177,66,35.2
00:41:31,177,66,35.2
00:41:32,177,66,35.1
00:41:33,177,67,35.2
00:41:34,177,67,35.2
00:41:35,177,67,35.3
00:41:36,177,68,35.2
00:41:37,177,68,35.2
00:41:38,177,68,35.2
00:41:39,177,69,35.2
00:41:40,178,69,35.3
00:41:41,178,69,35.2
00:41:42,178,69,35.3
00:41:43,178,69,35.3
00:41:44,178,68,35.2
00:41:45,178,68,35.2
00:41:46,179,68,35.2
00:41:47,179,68,35.3
00:41:48,179,68,35.3
00:41:49,179,68,35.3
00:41:50,179,67,35.2
00:41:51,179,66,35.2
00:41:52,180,67,35.3
00:41:53,180,66,35.3
00:41:54,180,66,35.2
00:41:55,180,66,35.3
00:41:56,180,66,35.3
00:41:57,180,66,35.3
00:41:58,181,66,35.3
00:41:59,181,65,35.4
00:42:00,181,65,35.3
00:42:01,181,64,35.3
00:42:02,181,65,35.3
00:42:03,180,64,35.3
00:42:04,180,63,35.3
00:42:05,180,63,35.3
00:42:06,180,63,35.4
00:42:07,180,62,35.3
00:42:08,180,62,35.5
00:42:09,180,63,35.4
00:42:10,180,64,35.3
00:42:11,180,64,35.5
00:42:12,180,64,35.3
00:42:13,180,63,35.4
00:42:14,180,63,35.4
00:42:15,180,63,35.5
00:42:16,180,63,35.3
00:42:19,180,63,35.5
00:42:20,180,62,35.3
00:42:21,180,64,35.5
00:42:22,180,64,35.5
00:42:23,180,65,35.5
00:42:24,180,66,35.4
00:42:25,180,66,35.5
00:42:26,180,68,35.5
00:42:27,180,68,35.5
00:42:28,180,68,35.5
00:42:29,180,67,35.4
00:42:30,180,67,35.5
00:42:31,180,67,35.5
00:42:32,180,66,35.5
00:42:33,181,66,35.5
00:42:34,181,66,35.5
00:42:35,181,66,35.5
00:42:36,181,67,35.5
00:42:37,181,67,35.5
00:42:38,181,66,35.5
00:42:39,181,66,35.5
00:42:40,181,65,35.5
00:42:41,181,65,35.5
00:42:42,181,65,35.5
00:42:43,181,65,35.5
00:42:44,181,64,35.5
00:42:45,181,64,35.6
00:42:46,181,64,35.5
00:42:47,181,64,35.5
00:42:48,181,65,35.6
00:42:49,181,65,35.6
00:42:50,181,65,35.6
00:42:51,181,65,35.6
00:42:52,181,64,35.7
00:42:53,181,63,35.7
00:42:54,181,63,35.7
00:42:55,181,63,35.7
00:42:56,181,64,35.7
00:42:57,181,64,35.7
00:42:58,181,64,35.7
00:42:59,182,66,35.7
00:43:00,182,71,35.7
00:43:01,182,72,35.7
00:43:02,182,74,35.7
00:43:03,182,78,35.8
00:43:04,182,80,35.7
00:43:05,182,81,35.7
00:43:06,181,81,35.7
00:43:07,181,82,35.8
00:43:08,181,82,35.8
00:43:09,181,84,35.7
00:43:10,181,85,35.8
00:43:11,181,86,35.7
00:43:12,181,87,35.8
00:43:13,181,89,35.8
00:43:14,182,90,35.8
00:43:15,181,90,35.7
00:43:16,182,89,35.8
00:43:17,181,89,35.8
00:43:18,181,89,35.8
00:43:19,181,88,35.8
00:43:20,181,88,35.8
00:43:21,181,88,35.8
00:43:22,181,88,35.8
00:43:23,181,88,35.8
00:43:24,181,87,35.8
00:43:25,181,88,35.8
00:43:26,181,89,35.8
00:43:27,181,88,35.8
00:43:28,181,88,35.8
00:43:29,181,89,35.8
00:43:30,181,89,35.8
00:43:31,181,90,35.8
00:43:32,180,90,35.8
00:43:33,180,90,35.9
00:43:34,180,89,35.8
00:43:35,180,89,35.8
00:43:36,180,89,35.9
00:43:37,180,88,35.9
00:43:38,180,88,35.8
00:43:39,180,89,35.9
00:43:40,180,88,35.8
00:43:41,180,88,35.8
00:43:42,180,89,35.8
00:43:46,180,89,35.9
00:43:47,180,88,35.9
00:43:48,180,87,35.9
00:43:49,180,86,35.9
00:43:50,180,86,36.0
00:43:51,180,86,35.9
00:43:52,179,86,35.9
00:43:53,179,87,35.9
00:43:54,179,87,35.9
00:43:55,179,86,36.0
00:43:56,179,87,35.9
00:43:57,179,87,35.9
00:43:58,179,86,35.9
00:43:59,179,85,36.0
00:44:00,179,85,35.9
00:44:01,179,85,35.9
00:44:02,179,85,35.9
00:44:03,179,85,36.0
00:44:04,179,85,36.0
00:44:05,179,85,35.9
00:44:06,179,85,35.9
00:44:07,179,87,36.0
00:44:08,179,86,35.9
00:44:09,179,89,35.9
00:44:10,179,89,35.9
00:44:11,179,88,35.9
00:44:12,179,89,36.0
00:44:13,179,88,36.0
00:44:14,179,88,36.0
00:44:15,179,88,36.0
00:44:16,179,87,36.0
00:44:17,179,87,36.0
00:44:18,179,86,36.0
00:44:19,179,85,36.0
00:44:20,179,85,36.0
00:44:21,180,84,36.0
00:44:22,180,85,36.0
00:44:23,180,85,36.0
00:44:24,180,85,36.0
00:44:25,181,86,35.9
00:44:26,181,85,36.0
00:44:27,181,85,36.0
00:44:28,181,87,36.0
00:44:29,181,88,36.0
00:44:30,181,87,36.0
00:44:31,181,88,36.0
00:44:32,181,88,35.8
00:44:33,181,88,36.0
00:44:34,181,89,36.0
00:44:35,180,88,35.8
00:44:36,180,88,35.9
00:44:37,180,89,36.0
00:44:38,180,88,36.1
00:44:39,180,88,36.0
00:44:40,180,88,35.8
00:44:41,179,87,35.9
00:44:42,179,87,35.8
00:44:43,179,89,36.0
00:44:44,179,88,36.0
00:44:45,179,89,36.0
00:44:46,179,89,35.9
00:44:47,178,90,36.0
00:44:48,178,90,35.9
00:44:49,178,90,35.9
00:44:50,178,90,36.0
00:44:51,178,90,36.0
00:44:52,178,90,36.0
00:44:53,178,89,36.0
00:44:54,178,89,36.0
00:44:55,178,89,36.0
00:44:56,178,89,36.0
00:44:57,178,88,36.0
00:44:58,178,87,36.0
00:44:59,178,87,36.0
00:45:00,179,88,35.9
00:45:01,179,88,36.1
00:45:02,179,87,35.9
00:45:03,179,88,36.0
00:45:04,179,87,36.0
00:45:05,179,87,36.0
00:45:06,179,87,36.0
00:45:07,180,87,36.0
00:45:08,180,87,36.0
00:45:09,180,86,35.9
00:45:10,180,87,36.0
00:45:11,180,86,36.0
00:45:12,180,85,36.0
00:45:16,180,88,36.0
00:45:17,180,87,36.0
00:45:18,180,87,36.0
00:45:19,180,87,36.0
00:45:20,180,86,36.0
00:45:21,180,87,36.0
00:45:22,180,86,36.0
00:45:23,180,85,36.0
00:45:24,179,84,36.0
00:45:25,179,84,36.0
00:45:26,179,84,36.0
00:45:27,179,82,36.0
00:45:28,179,81,36.0
00:45:29,178,80,36.0
00:45:30,178,80,36.0
00:45:31,178,80,36.0
00:45:32,178,80,36.0
00:45:33,178,79,36.0
00:45:34,177,79,36.0
00:45:35,177,80,36.0
00:45:36,177,81,36.0
00:45:37,177,81,35.9
00:45:38,177,80,36.0
00:45:39,177,79,36.0
00:45:40,177,79,36.0
00:45:41,177,80,36.0
00:45:42,177,84,36.0
00:45:43,176,86,36.0
00:45:44,176,90,36.0
00:45:47,176,90,36.0
00:45:48,177,90,36.0
00:45:49,177,90,36.0
00:45:50,177,91,36.0
00:45:51,177,91,36.0
00:45:52,177,91,36.1
00:45:53,177,91,36.0
00:45:54,178,92,36.1
00:45:55,178,91,36.0
00:45:56,178,90,36.0
00:45:57,178,90,36.0
00:45:58,178,89,36.1
00:45:59,178,91,36.0
00:46:00,179,92,36.1
00:46:01,179,93,36.0
00:46:02,179,95,36.0
00:46:03,179,96,36.0
00:46:04,179,97,36.0
00:46:05,179,95,36.0
00:46:06,179,96,36.1
00:46:07,179,95,36.0
00:46:08,179,95,36.2
00:46:09,180,94,36.1
00:46:10,180,95,36.0
00:46:11,180,95,36.0
00:46:12,180,95,36.1
00:46:13,180,95,36.0
00:46:14,180,93,36.2
00:46:17,180,92,36.0
00:46:18,180,92,36.1
00:46:19,180,92,36.1
00:46:20,180,92,36.1
00:46:21,180,93,36.0
00:46:22,180,94,36.1
00:46:23,180,93,36.1
00:46:24,181,93,36.1
00:46:25,181,94,36.0
00:46:26,181,94,36.1
00:46:27,181,93,36.1
00:46:28,181,94,36.2
00:46:29,181,95,36.2
00:46:30,181,94,36.2
00:46:31,181,95,36.1
00:46:32,181,94,36.1
00:46:33,182,94,36.1
00:46:34,182,95,36.2
00:46:35,182,96,36.2
00:46:36,182,100,36.1
00:46:37,182,105,36.1
00:46:38,182,111,36.1
00:46:39,183,115,36.2
00:46:40,183,116,36.1
00:46:41,183,117,36.1
00:46:42,183,116,36.1
00:46:43,184,116,36.1
00:46:44,184,119,36.2
00:46:45,184,123,36.1
00:46:46,185,131,36.2
00:46:47,185,132,36.3
00:46:48,185,140,36.2
00:46:49,185,147,36.2
00:46:50,186,154,36.2
00:46:51,186,154,36.2
00:46:52,187,156,36.3
00:46:53,187,156,36.2
00:46:54,187,152,36.3
00:46:55,188,149,36.2
00:46:56,188,149,36.2
00:46:57,189,139,36.2
00:46:58,189,128,36.3
00:46:59,190,119,36.3
00:47:00,190,107,36.2
00:47:01,191,89,36.2
00:47:02,191,69,36.2
00:47:03,191,69,36.2
00:47:04,191,59,36.3
00:47:05,191,56,36.2
00:47:06,191,54,36.2
00:47:07,191,52,36.2
00:47:08,191,52,36.3
00:47:09,191,51,36.2
00:47:10,191,51,36.3
00:47:11,191,49,36.2
00:47:12,190,48,36.2
00:47:15,190,45,36.2
00:47:16,189,46,36.2
00:47:17,189,48,36.2
00:47:18,189,49,36.2
00:47:19,188,49,36.2
00:47:20,188,48,36.2
00:47:21,188,48,36.2
00:47:22,188,48,36.2
00:47:23,187,48,36.1
00:47:24,187,47,36.1
00:47:25,187,46,36.2
00:47:26,187,46,36.1
00:47:27,187,46,36.0
00:47:28,186,44,36.0
00:47:29,186,43,36.0
00:47:30,186,43,36.0
00:47:31,186,42,36.0
00:47:32,186,42,36.0
00:47:33,185,42,36.0
00:47:34,185,40,36.0
00:47:35,184,40,36.0
00:47:36,183,39,36.0
00:47:37,182,41,35.9
00:47:38,182,46,35.9
00:47:39,181,51,35.9
00:47:40,180,56,35.8
00:47:41,180,60,35.8
00:47:42,179,63,35.8
00:47:43,178,64,35.8
00:47:44,178,67,36.0
00:47:45,177,68,35.8
00:47:46,177,70,35.8
00:47:47,176,70,35.8
00:47:48,176,72,35.8
00:47:49,176,73,35.8
00:47:50,176,72,35.8
00:47:51,175,71,35.7
00:47:52,175,71,35.8
00:47:53,175,71,35.7
00:47:54,175,71,35.7
00:47:55,176,70,35.7
00:47:56,176,70,35.6
00:47:57,176,69,35.7
00:47:58,176,69,35.7
00:47:59,176,70,35.7
00:48:00,176,72,35.7
00:48:01,176,73,35.7
00:48:02,176,74,35.6
00:48:03,176,76,35.7
00:48:04,175,76,35.5
00:48:05,174,74,35.6
00:48:06,174,73,35.6
00:48:07,173,71,35.5
00:48:08,173,69,35.7
00:48:09,172,68,35.5
00:48:10,172,68,35.5
00:48:11,171,69,35.5
00:48:12,171,70,35.5
00:48:13,170,71,35.5
00:48:14,170,72,35.5
00:48:15,169,73,35.5
00:48:16,169,74,35.5
00:48:17,169,75,35.5
00:48:18,168,77,35.5
00:48:19,168,79,35.5
00:48:20,167,81,35.4
00:48:21,167,81,35.4
00:48:22,166,81,35.4
00:48:23,166,83,35.3
00:48:24,166,85,35.3
00:48:25,166,89,35.3
00:48:26,165,90,35.3
00:48:27,165,91,35.4
00:48:28,165,91,35.3
00:48:29,165,91,35.3
00:48:30,166,91,35.3
00:48:31,166,91,35.3
00:48:32,166,90,35.3
00:48:33,166,92,35.3
00:48:34,165,92,35.3
00:48:35,165,92,35.3
00:48:36,165,93,35.3
00:48:39,165,92,35.2
00:48:40,165,91,35.3
00:48:41,166,91,35.3
00:48:42,166,91,35.2
00:48:43,166,90,35.3
00:48:44,166,92,35.3
00:48:45,166,92,35.2
00:48:46,166,93,35.3
00:48:47,167,92,35.3
00:48:48,167,92,35.1
00:48:49,167,92,35.3
00:48:50,168,91,35.3
00:48:51,168,91,35.3
00:48:52,168,91,35.2
00:48:53,168,91,35.3
00:48:54,168,89,35.3
00:48:55,168,89,35.2
00:48:56,168,89,35.2
00:48:57,168,89,35.3
00:48:58,168,89,35.2
00:48:59,168,90,35.3
00:49:00,168,90,35.3
00:49:01,168,97,35.3
00:49:02,168,103,35.3
00:49:03,168,107,35.3
00:49:04,169,108,35.3
00:49:05,169,106,35.3
00:49:06,169,106,35.3
00:49:07,169,104,35.3
00:49:08,169,104,35.3
00:49:09,170,103,35.3
00:49:10,170,104,35.3
00:49:11,171,105,35.3
00:49:12,171,104,35.3
00:49:13,171,104,35.3
00:49:14,172,105,35.3
00:49:15,172,108,35.3
00:49:16,172,107,35.3
00:49:17,172,109,35.3
00:49:18,173,107,35.3
00:49:19,173,109,35.3
00:49:20,173,109,35.3
00:49:21,173,109,35.3
00:49:22,174,109,35.3
00:49:23,174,109,35.3
00:49:24,174,110,35.3
00:49:25,175,110,35.3
00:49:26,175,109,35.3
00:49:27,175,108,35.3
00:49:28,176,108,35.3
00:49:29,176,108,35.3
00:49:30,176,107,35.5
00:49:31,176,108,35.3
00:49:32,176,106,35.3
00:49:33,177,107,35.3
00:49:34,177,106,35.3
00:49:38,177,104,35.4
00:49:39,177,100,35.3
00:49:40,178,99,35.4
00:49:41,178,101,35.4
00:49:42,178,102,35.4
00:49:43,178,105,35.4
00:49:44,178,105,35.4
00:49:45,178,106,35.5
00:49:46,178,105,35.5
00:49:47,178,103,35.3
00:49:48,178,104,35.5
00:49:49,178,103,35.4
00:49:50,178,103,35.3
00:49:51,178,103,35.4
00:49:52,178,102,35.5
00:49:53,179,105,35.5
00:49:54,179,104,35.4
00:49:55,179,104,35.4
00:49:56,179,104,35.5
00:49:57,179,102,35.3
00:49:58,179,101,35.4
00:49:59,179,102,35.5
00:50:00,179,100,35.4
00:50:01,180,99,35.5
00:50:02,180,99,35.3
00:50:03,180,99,35.5
00:50:04,180,98,35.4
00:50:05,180,99,35.3
00:50:06,180,100,35.4
00:50:07,180,100,35.5
00:50:08,180,100,35.3
00:50:09,180,100,35.3
00:50:10,180,100,35.3
00:50:11,180,99,35.3
00:50:12,180,95,35.3
00:50:13,180,95,35.3
00:50:14,180,92,35.3
00:50:15,180,87,35.3
00:50:16,180,86,35.3
00:50:17,180,87,35.4
00:50:18,180,88,35.4
00:50:19,180,88,35.3
00:50:20,180,95,35.3
00:50:21,180,96,35.4
00:50:22,180,97,35.3
00:50:23,179,96,35.4
00:50:24,180,95,35.3
00:50:25,180,95,35.3
00:50:26,180,92,35.4
00:50:27,180,92,35.3
00:50:28,180,92,35.3
00:50:29,180,95,35.3
00:50:30,180,95,35.3
00:50:31,180,93,35.4
00:50:32,180,93,35.3
00:50:33,180,90,35.3
00:50:34,180,88,35.3
00:50:35,180,86,35.3
00:50:36,180,81,35.3
00:50:37,180,79,35.3
00:50:38,180,78,35.4
00:50:39,180,78,35.5
00:50:40,180,79,35.3
00:50:41,179,81,35.3
00:50:42,179,81,35.3
00:50:43,179,81,35.5
00:50:44,179,82,35.3
00:50:45,179,81,35.3
00:50:46,179,81,35.3
00:50:47,179,81,35.3
00:50:48,179,80,35.4
00:50:49,178,81,35.3
00:50:50,178,84,35.3
00:50:51,178,85,35.3
00:50:52,178,88,35.3
00:50:53,178,88,35.3
00:50:54,178,88,35.3
00:50:55,178,88,35.3
00:50:56,178,88,35.3
00:50:57,178,86,35.3
00:50:58,177,87,35.3
00:51:04,177,88,35.3
00:51:05,177,89,35.3
00:51:06,177,87,35.3
00:51:07,176,87,35.3
00:51:08,176,87,35.3
00:51:09,176,87,35.3
00:51:10,176,86,35.3
00:51:11,177,86,35.3
00:51:12,177,86,35.2
00:51:13,177,85,35.3
00:51:14,177,85,35.3
00:51:15,177,84,35.3
00:51:16,177,84,35.3
00:51:17,177,84,35.3
00:51:18,177,85,35.3
00:51:19,177,86,35.3
00:51:20,177,85,35.3
00:51:21,177,86,35.3
00:51:22,177,86,35.5
00:51:23,177,86,35.3
00:51:24,177,86,35.3
00:51:25,177,88,35.3
00:51:26,177,89,35.3
00:51:27,177,90,35.3
00:51:28,177,90,35.3
00:51:29,177,90,35.3
00:51:30,177,89,35.3
00:51:31,177,89,35.3
00:51:32,177,89,35.3
00:51:33,177,88,35.3
00:51:34,178,87,35.3
00:51:35,178,84,35.3
00:51:36,178,84,35.3
00:51:37,177,84,35.3
00:51:38,177,84,35.3
00:51:39,177,84,35.3
00:51:40,177,84,35.3
00:51:41,177,84,35.3
00:51:42,177,83,35.3
00:51:43,177,83,35.3
00:51:44,177,83,35.3
00:51:45,177,84,35.3
00:51:46,177,85,35.3
00:51:47,177,86,35.3
00:51:48,177,85,35.3
00:51:49,177,85,35.3
00:51:50,177,84,35.3
00:51:51,177,85,35.3
00:51:52,177,86,35.3
00:51:53,177,86,35.3
00:51:54,177,87,35.3
00:51:55,177,88,35.3
00:51:56,177,88,35.3
00:51:57,177,89,35.4
00:51:58,177,88,35.3
00:52:02,177,89,35.3
00:52:03,177,88,35.3
00:52:04,177,88,35.3
00:52:05,177,88,35.3
00:52:06,177,88,35.3
00:52:07,177,88,35.3
00:52:08,177,88,35.3
00:52:09,177,88,35.3
00:52:10,177,88,35.3
00:52:11,177,89,35.3
00:52:12,176,88,35.3
00:52:13,176,89,35.3
00:52:14,176,89,35.3
00:52:15,176,89,35.3
00:52:16,176,89,35.3
00:52:17,176,89,35.3
00:52:18,176,90,35.3
00:52:19,176,90,35.2
00:52:20,176,91,35.3
00:52:21,176,91,35.3
00:52:22,177,90,35.3
00:52:23,177,90,35.3
00:52:24,177,89,35.3
00:52:25,177,90,35.4
00:52:26,177,89,35.5
00:52:27,177,90,35.3
00:52:28,177,89,35.4
00:52:29,176,90,35.5
00:52:30,176,90,35.3
00:52:31,176,90,35.3
00:52:32,176,89,35.4
00:52:33,176,89,35.3
00:52:34,176,88,35.4
00:52:35,176,89,35.3
00:52:36,176,87,35.3
00:52:37,176,87,35.3
00:52:38,176,86,35.3
00:52:39,176,87,35.3
00:52:40,176,86,35.5
00:52:41,176,85,35.4
00:52:42,176,85,35.5
00:52:43,175,87,35.4
00:52:44,175,86,35.5
00:52:45,175,86,35.5
00:52:46,175,88,35.5
00:52:47,175,87,35.5
00:52:48,175,87,35.5
00:52:49,175,87,35.5
00:52:50,175,86,35.5
00:52:51,175,87,35.5
00:52:52,175,86,35.5
00:52:53,175,87,35.5
00:52:54,175,87,35.5
00:52:55,175,88,35.5
00:52:56,176,88,35.5
00:52:57,176,88,35.5
00:52:58,176,88,35.5
00:52:59,176,88,35.5
00:53:00,176,88,35.3
00:53:01,176,90,35.5
00:53:02,176,89,35.5
00:53:03,176,90,35.5
00:53:04,176,90,35.5
00:53:05,176,91,35.5
00:53:06,176,90,35.3
00:53:07,176,91,35.5
00:53:08,177,91,35.5
00:53:09,177,92,35.5
00:53:10,177,91,35.5
00:53:11,177,91,35.5
00:53:12,177,90,35.5
00:53:13,178,92,35.5
00:53:14,178,91,35.5
00:53:15,178,91,35.5
00:53:16,179,90,35.5
00:53:17,179,90,35.5
00:53:18,179,90,35.5
00:53:19,179,91,35.5
00:53:20,180,91,35.5
00:53:21,180,91,35.5
00:53:22,180,91,35.5
00:53:23,180,92,35.5
00:53:24,181,91,35.5
00:53:25,181,92,35.5
00:53:26,181,92,35.5
00:53:27,181,92,35.5
00:53:28,181,91,35.5
00:53:29,182,92,35.5
00:53:30,182,92,35.5
00:53:31,182,92,35.5
00:53:32,182,91,35.5
00:53:33,182,91,35.5
00:53:34,182,91,35.5
00:53:35,182,91,35.5
00:53:36,182,92,35.4
00:53:37,183,92,35.5
00:53:38,183,92,35.5
00:53:39,183,93,35.5
00:53:40,183,93,35.5
00:53:41,183,94,35.5
00:53:42,183,94,35.5
00:53:43,183,94,35.5
00:53:44,183,95,35.5
00:53:45,183,95,35.5
00:53:46,183,96,35.5
00:53:47,183,96,35.5
00:53:48,183,94,35.5
00:53:49,183,94,35.6
00:53:50,183,94,35.5
00:53:51,183,93,35.5
00:53:52,183,94,35.5
00:53:53,183,96,35.5
00:53:54,183,97,35.7
00:53:55,183,95,35.6
00:53:56,184,96,35.5
00:53:57,184,94,35.5
00:53:58,184,93,35.7
00:53:59,184,94,35.5
00:54:00,184,95,35.5
00:54:01,184,95,35.7
00:54:02,184,95,35.5
00:54:03,184,96,35.5
00:54:04,184,96,35.7
00:54:05,184,96,35.6
00:54:06,184,96,35.5
00:54:07,184,97,35.6
00:54:08,184,97,35.7
00:54:09,184,96,35.7
00:54:10,185,96,35.6
00:54:11,185,97,35.5
00:54:12,185,95,35.7
00:54:13,185,95,35.7
00:54:14,185,95,35.7
00:54:15,185,95,35.6
00:54:16,185,93,35.7
00:54:17,185,94,35.7
00:54:18,185,96,35.7
00:54:19,185,95,35.7
00:54:20,185,95,35.7
00:54:21,186,96,35.5
00:54:22,186,96,35.6
00:54:23,186,95,35.8
00:54:24,186,95,35.7
00:54:25,186,96,35.7
00:54:26,186,96,35.7
00:54:27,185,94,35.7
00:54:28,185,95,35.6
00:54:29,185,94,35.7
00:54:30,185,94,35.5
00:54:31,185,95,35.7
00:54:32,185,94,35.8
00:54:33,185,94,35.7
00:54:34,185,94,35.7
00:54:35,185,94,35.7
00:54:36,185,94,35.7
00:54:37,185,95,35.8
00:54:38,185,94,35.7
00:54:39,185,95,35.7
00:54:40,185,95,35.7
00:54:41,185,93,35.7
00:54:42,185,94,35.7
00:54:43,185,94,35.7
00:54:44,185,93,35.7
00:54:45,186,94,35.7
00:54:46,186,94,35.7
00:54:47,186,94,35.7
00:54:48,186,95,35.7
00:54:49,186,95,35.7
00:54:50,186,94,35.8
00:54:51,186,94,35.8
00:54:52,186,93,35.7
00:54:53,186,94,35.7
00:54:54,186,94,35.7
00:54:55,186,94,35.7
00:54:56,186,96,35.7
00:54:57,186,99,35.8
00:54:58,187,102,35.8
00:54:59,187,102,35.7
00:55:00,187,103,35.7
00:55:01,187,102,35.7
00:55:02,187,101,35.8
00:55:03,187,102,35.8
00:55:04,187,101,35.8
00:55:05,187,102,35.8
00:55:06,187,101,35.7
00:55:07,187,101,35.7
00:55:08,187,100,35.8
00:55:09,187,98,35.8
00:55:10,188,99,35.8
00:55:11,188,99,35.8
00:55:12,188,98,35.8
00:55:13,188,99,35.8
00:55:14,188,100,35.8
00:55:15,188,99,35.7
00:55:16,188,100,35.8
00:55:17,188,103,35.8
00:55:18,188,103,35.7
00:55:19,188,103,35.8
00:55:20,188,102,35.8
00:55:21,188,102,35.8
00:55:22,188,102,35.8
00:55:23,189,103,35.8
00:55:24,189,102,35.8
00:55:25,189,104,35.7
00:55:26,189,105,35.8
00:55:27,189,106,35.8
00:55:28,189,104,35.8
00:55:29,189,104,35.8
00:55:30,189,104,35.8
00:55:31,189,103,35.8
00:55:32,189,104,35.8
00:55:33,189,103,35.9
00:55:34,190,104,35.9
00:55:35,190,108,35.8
00:55:36,190,109,35.8
00:55:37,190,114,35.9
00:55:38,190,114,35.8
00:55:39,190,115,35.8
00:55:40,190,115,36.0
00:55:41,190,117,35.9
00:55:42,190,118,35.9
00:55:43,190,123,35.9
00:55:44,190,125,36.0
00:55:45,190,125,35.9
00:55:46,191,125,35.9
00:55:47,191,124,36.0
00:55:48,191,123,36.0
00:55:49,191,123,36.0
00:55:50,191,124,35.9
00:55:51,191,125,36.0
00:55:52,191,125,36.0
00:55:53,191,123,36.0
00:55:54,191,123,35.9
00:55:55,191,123,36.0
00:55:56,191,123,35.9
00:55:57,191,123,35.9
00:55:58,191,123,36.0
00:55:59,191,124,36.0
00:56:00,191,123,35.8
00:56:01,191,118,36.0
00:56:02,191,112,36.0
00:56:03,192,101,36.0
00:56:04,191,45,36.0
00:56:05,191,49,36.0
00:56:06,191,49,36.0
00:56:07,191,23,36.0
00:56:08,191,16,36.0
00:56:09,191,0,36.0
00:56:10,191,0,36.1
00:56:11,191,57,36.0
00:56:12,191,57,36.0
00:56:13,190,48,36.1
00:56:14,190,48,36.1
00:56:15,190,50,36.2
00:56:16,189,50,36.1
00:56:17,189,44,36.1
00:56:18,189,44,36.1
00:56:19,188,39,36.1
00:56:20,188,39,36.0
00:56:21,187,36,36.1
00:56:22,187,39,36.0
00:56:23,187,39,36.1
00:56:24,186,37,36.0
00:56:25,186,35,36.1
00:56:26,186,39,36.1
00:56:27,185,39,36.1
00:56:28,185,38,36.1
00:56:29,185,42,36.1
00:56:30,184,49,36.0
00:56:31,184,55,36.1
00:56:32,184,60,36.1
00:56:33,183,63,36.1
00:56:34,183,65,36.0
00:56:35,182,68,36.0
00:56:36,182,68,36.1
00:56:37,181,69,36.1
00:56:38,181,69,36.0
00:56:39,181,70,36.1
00:56:40,180,70,36.0
00:56:41,180,72,36.0
00:56:42,179,72,36.1
00:56:43,179,72,36.1
00:56:44,179,71,36.1
00:56:45,178,71,36.0
00:56:46,178,70,36.0
00:56:47,177,69,36.0
00:56:48,177,68,36.0
00:56:49,177,67,36.0
00:56:50,176,67,36.1
00:56:51,176,68,36.1
00:56:52,176,68,36.0
00:56:53,175,69,36.0
00:56:54,175,67,36.0
00:56:55,175,66,36.1
00:56:56,175,66,36.0
00:56:57,174,65,36.0
00:56:58,174,64,36.0
00:56:59,175,63,36.1
00:57:00,175,63,36.2
00:57:01,175,62,36.0
00:57:02,175,60,36.1
00:57:03,175,60,36.0
00:57:04,175,59,36.0
00:57:05,176,58,36.1
00:57:06,176,58,36.0
00:57:07,176,57,36.0
00:57:08,176,56,36.1
00:57:09,176,55,36.1
00:57:10,176,56,36.1
00:57:11,176,56,36.1
00:57:12,176,55,36.1
00:57:13,176,55,36.0
00:57:14,176,56,36.0
00:57:15,176,56,36.0
00:57:16,176,57,36.0
00:57:17,176,57,36.0
00:57:18,176,57,36.0
00:57:19,176,58,36.0
00:57:20,175,58,36.0
00:57:21,175,58,36.0
00:57:22,175,57,35.9
00:57:23,175,57,35.8
00:57:24,174,57,35.8
00:57:25,174,57,35.9
00:57:26,174,57,35.8
00:57:27,173,56,35.9
00:57:28,173,56,35.8
00:57:29,173,55,35.8
00:57:30,172,54,35.9
00:57:31,172,54,35.8
00:57:32,171,53,35.8
00:57:33,171,53,35.9
00:57:34,170,53,35.8
00:57:35,169,54,35.9
00:57:36,169,54,35.9
00:57:37,168,54,35.8
00:57:38,168,53,35.9
00:57:39,167,52,35.8
00:57:40,167,50,35.8
00:57:41,167,50,35.8
00:57:42,166,50,35.8
00:57:43,166,51,35.8
00:57:44,165,52,35.8
00:57:45,165,52,35.8
00:57:46,165,52,35.8
00:57:47,164,52,35.7
00:57:48,164,52,35.8
00:57:49,164,52,35.7
00:57:50,163,51,35.8
00:57:51,163,51,35.7
00:57:52,162,51,35.7
00:57:53,162,52,35.7
00:57:54,162,55,35.6
00:57:55,162,57,35.5
00:57:56,162,59,35.7
00:57:57,162,59,35.5
00:57:58,163,59,35.5
00:57:59,163,58,35.7
00:58:00,163,57,35.5
00:58:01,163,57,35.5
00:58:02,163,54,35.5
00:58:03,163,51,35.5
00:58:04,163,51,35.5
00:58:05,163,51,35.5
00:58:06,163,52,35.5
00:58:07,163,52,35.4
00:58:08,162,51,35.5
00:58:09,162,51,35.3
00:58:10,162,50,35.4
00:58:11,162,49,35.5
00:58:12,161,50,35.4
00:58:13,160,50,35.5
00:58:14,160,49,35.3
00:58:15,159,49,35.3
00:58:16,159,50,35.4
00:58:17,159,50,35.3
00:58:18,159,50,35.3
00:58:19,160,47,35.3
00:58:20,159,47,35.3
00:58:21,159,22,35.2
00:58:22,159,16,35.3
00:58:23,160,0,35.3
00:58:24,160,0,35.3
00:58:25,160,0,35.3
00:58:26,160,0,35.3
00:58:27,160,0,35.4
00:58:28,160,0,35.3
00:58:29,160,0,35.4
00:58:30,159,0,35.3
00:58:31,158,0,35.3
00:58:32,157,0,35.3
00:58:33,156,0,35.3
00:58:34,154,0,35.3
00:58:35,153,0,35.3
00:58:36,151,0,35.3
00:58:37,151,0,35.3
00:58:38,150,0,35.3
00:58:39,149,0,35.3
00:58:40,148,0,35.3
00:58:41,147,0,35.3
00:58:42,146,0,35.3
00:58:43,144,0,35.3
00:58:44,144,0,35.3
00:58:45,143,0,35.3
00:58:46,143,0,35.3
00:58:47,143,0,35.3
00:58:48,142,0,35.3
00:58:49,141,0,35.3
00:58:50,141,0,35.3
00:58:51,141,0,35.3
00:58:52,141,0,35.3
00:58:53,141,0,35.3
00:58:54,140,0,35.3
00:58:55,139,0,35.3
00:58:56,139,0,35.3
00:58:57,139,0,35.3
00:58:58,140,0,35.3
00:58:59,140,0,35.3
00:59:00,141,0,35.3
00:59:01,141,0,35.3
00:59:02,141,0,35.3
00:59:03,141,0,35.3
00:59:04,141,0,35.3
00:59:05,141,0,35.3
00:59:06,140,0,35.3
00:59:07,140,0,35.3
00:59:08,140,0,35.3
00:59:09,140,0,35.3
00:59:10,140,0,35.3
00:59:11,141,0,35.3
00:59:12,142,0,35.3
00:59:13,142,0,35.3
00:59:14,143,0,35.3
00:59:15,143,0,35.3
00:59:16,144,0,35.3
00:59:17,144,0,35.3
00:59:18,145,0,35.3
00:59:19,146,0,35.3
00:59:20,147,0,35.3
00:59:21,147,0,35.3
00:59:22,148,0,35.3
00:59:23,148,0,35.3
00:59:24,148,0,35.3
00:59:25,147,0,35.3
00:59:26,147,0,35.3
00:59:27,147,0,35.3
00:59:28,146,0,35.3
00:59:29,147,0,35.3
00:59:30,147,0,35.3
00:59:31,147,0,35.5
00:59:32,148,0,35.3
00:59:33,148,0,35.3
00:59:34,148,0,35.5
00:59:35,148,0,35.3
00:59:36,148,0,35.4
00:59:37,148,0,35.3
00:59:38,147,0,35.3
00:59:39,147,0,35.5
00:59:40,147,0,35.5
00:59:41,147,0,35.3
00:59:42,147,0,35.4
00:59:43,148,0,35.3
00:59:44,148,0,35.3
00:59:45,148,0,35.5
00:59:46,149,0,35.4
00:59:47,149,0,35.4
00:59:48,148,0,35.5
00:59:49,148,0,35.5
00:59:50,148,0,35.5
00:59:51,147,0,35.5
00:59:52,148,0,35.5
00:59:53,149,0,35.4
00:59:54,149,0,35.5
00:59:55,149,0,35.5
00:59:56,150,0,35.3
00:59:57,150,0,35.5
00:59:58,151,0,35.5
00:59:59,151,0,35.4
01:00:00,152,0,35.5
01:00:01,152,0,35.5
01:00:02,153,0,35.5